company|title|location|link
tabby  تابي|senior data analyst, wfm|armenia, quindío, colombia|https://www.linkedin.com/jobs/view/4369627460
amazon|station pex manager, meu process excellence|enns, upper austria, austria|https://www.linkedin.com/jobs/view/4443037690
amazon|operations supervisor|klagenfurt, carinthia, austria|https://www.linkedin.com/jobs/view/4445989862
amazon|junior logistik manager - bei linz|enns, upper austria, austria|https://www.linkedin.com/jobs/view/4443031369
amazon|junior logistik manager - klagenfurt|klagenfurt, carinthia, austria|https://www.linkedin.com/jobs/view/4443024624
amazon|graduate shift manager - bei linz|enns, upper austria, austria|https://www.linkedin.com/jobs/view/4443024815
amazon|operations manager/operations manager:in - enns, dap1, amzl|enns, upper austria, austria|https://www.linkedin.com/jobs/view/4443040837
amazon|operations manager/operations manager:in - enns, dap1, amzl|enns, upper austria, austria|https://www.linkedin.com/jobs/view/4447057819
amazon|operations manager/operations manager:in - enns, dap1, amzl|linz, upper austria, austria|https://www.linkedin.com/jobs/view/4443043621
amazon|area manager:in, amzl - delivery station - fix (1172)|enns, upper austria, austria|https://www.linkedin.com/jobs/view/4443040188
amazon|area manager:in, amzl - delivery station - fix (1172)|linz, upper austria, austria|https://www.linkedin.com/jobs/view/4443026631
xebia|data analyst|bulgaria, worldwide|https://www.linkedin.com/jobs/view/4438202413
nexo|senior data analyst|sofia, sofia city, worldwide|https://www.linkedin.com/jobs/view/4433149853
bigblue|data analyst intern — ops excellence|paris, île-de-france, france|https://www.linkedin.com/jobs/view/4427998192
brio real estate, a blackstone portfolio company|associate data analyst|ga, atlanta, worldwide|https://www.linkedin.com/jobs/view/4445240347
tata consultancy services|technical & bus analyst - data & applications|ga, stone mountain, worldwide|https://www.linkedin.com/jobs/view/4437577330
amazon|data & reporting analyst , relay operations center tech & ops integration|ga, atlanta, worldwide|https://www.linkedin.com/jobs/view/4443027710
amazon|deu business development intern - 12 months, amazon university talent acquisition|munich, bavaria, germany|https://www.linkedin.com/jobs/view/4443038937
amazon|deu business development intern - 6 months, amazon university talent acquisition|munich, bavaria, germany|https://www.linkedin.com/jobs/view/4443064118
accountone gmbh|data analyst / analytics engineer (m/w/d)|flensburg, schleswig-holstein, germany|https://www.linkedin.com/jobs/view/4441512345
comrce|bi / data analyst (w/m/d)|germany|https://www.linkedin.com/jobs/view/4446726975
comrce|bi / data analyst (w/m/d)|germany|https://www.linkedin.com/jobs/view/4444579358
cognizant|data analyst  (intermediate and senior)|dublin, county dublin, ireland|https://www.linkedin.com/jobs/view/4429376272
nhoa group|marketing data analyst|milan, lombardy, italy|https://www.linkedin.com/jobs/view/4435831255
atlante|marketing data analyst|milan, lombardy, italy|https://www.linkedin.com/jobs/view/4432357285
aleph|data analyst|riga, riga, worldwide|https://www.linkedin.com/jobs/view/4411770284
evolution|biznesa inteliģences datu analītiķis / business intelligence data analyst|riga, riga, worldwide|https://www.linkedin.com/jobs/view/4409271407
enovos luxembourg|internship - data analyst (m/f/n)|esch-sur-alzette, luxembourg, luxembourg|https://www.linkedin.com/jobs/view/4439170207
cover genius|senior business / data analyst|amsterdam, north holland, netherlands|https://www.linkedin.com/jobs/view/4437444489
xebia|data analyst|poland|https://www.linkedin.com/jobs/view/4438200462
avtech corp.|data reporting analyst|cracow, małopolskie, poland|https://www.linkedin.com/jobs/view/4357362953
prime insights|lead data analyst|poland|https://www.linkedin.com/jobs/view/4443282142
motorola solutions|senior procurement data analyst|cracow, małopolskie, poland|https://www.linkedin.com/jobs/view/4393546468
philip morris international|senior it security analyst - data & ai platform|cracow, małopolskie, poland|https://www.linkedin.com/jobs/view/4446862131
darkroom|data and automation analyst - associate|portugal|https://www.linkedin.com/jobs/view/4427650033
philip morris international|senior it security analyst - data & ai platform|albarraque, lisbon, portugal|https://www.linkedin.com/jobs/view/4446853610
xebia|data analyst|romania|https://www.linkedin.com/jobs/view/4438206248
pmy group|client facing data analyst|los angeles metropolitan area, worldwide|https://www.linkedin.com/jobs/view/4446852624
amazon|sr. data tax analyst, 3p itx - international tax team|bratislava, bratislava, worldwide|https://www.linkedin.com/jobs/view/4443042299
amazon|data analyst, external fulfillment eu|barcelona, catalonia, spain|https://www.linkedin.com/jobs/view/4443028204
amazon|data analyst, external fulfillment eu|san fernando de henares, community of madrid, spain|https://www.linkedin.com/jobs/view/4443029173
darkroom|data and automation analyst - associate|spain|https://www.linkedin.com/jobs/view/4427650031
second window|junior data analyst (quicksight) - hibrido madrid|madrid, community of madrid, spain|https://www.linkedin.com/jobs/view/4351200212
adm indicia|data analyst|madrid, community of madrid, spain|https://www.linkedin.com/jobs/view/4436745690
prime insights|lead data analyst|spain|https://www.linkedin.com/jobs/view/4443292044
fhios smart knowledge|marketing data analyst|greater barcelona metropolitan area, worldwide|https://www.linkedin.com/jobs/view/4444292266
amazon|sr. data tax analyst, 3p itx - international tax team|barcelona, catalonia, spain|https://www.linkedin.com/jobs/view/4443026615
alignerr|e-commerce data analyst|türkiye, worldwide|https://www.linkedin.com/jobs/view/4444234786
київстар|business analyst (big data)|kyiv, kyiv city, ukraine|https://www.linkedin.com/jobs/view/4415329879
emcor uk|data analyst|barrow-in-furness, england, united kingdom|https://www.linkedin.com/jobs/view/4435904794
technet it recruitment ltd|senior technical analyst – software engineering (data platform)|greater london, england, united kingdom|https://www.linkedin.com/jobs/view/4441827623
tiktok|tiktok shop - senior data analyst, logistics|london, england, united kingdom|https://www.linkedin.com/jobs/view/4443770572
ruby labs|billing data analyst|cyprus, worldwide|https://www.linkedin.com/jobs/view/4437873278
ruby labs|lead billing data analyst  billing, payments & subscription analytics|cyprus, worldwide|https://www.linkedin.com/jobs/view/4437871337
ruby labs|senior data analyst|cyprus, worldwide|https://www.linkedin.com/jobs/view/4414996446
ruby labs|billing data analyst|estonia, worldwide|https://www.linkedin.com/jobs/view/4437870401
ruby labs|lead billing data analyst  billing, payments & subscription analytics|estonia, worldwide|https://www.linkedin.com/jobs/view/4437860924
groupe bpce|data analyst / scientist (f/h)|charenton-le-pont, île-de-france, france|https://www.linkedin.com/jobs/view/4413336084
alignerr|map & location data analyst|france|https://www.linkedin.com/jobs/view/4444242588
air apps|data analyst|paris, île-de-france, france|https://www.linkedin.com/jobs/view/4407434062
younited|alternance - data analyst credit risk (f/h)|paris, île-de-france, france|https://www.linkedin.com/jobs/view/4446158390
younited|alternance - data analyst credit risk (f/h)|greater paris metropolitan region, worldwide|https://www.linkedin.com/jobs/view/4445147336
pennylane|senior data analyst - acquisition|paris, île-de-france, france|https://www.linkedin.com/jobs/view/4384162702
optimized payments|senior payments data optimization analyst|ga, atlanta, worldwide|https://www.linkedin.com/jobs/view/4372172207
padoa|data migration analyst (m/w/d)|munich, bavaria, germany|https://www.linkedin.com/jobs/view/4435045963
air apps|data analyst|berlin metropolitan area, worldwide|https://www.linkedin.com/jobs/view/4407425275
padoa|data migration analyst (m/w/d)|greater munich metropolitan area, worldwide|https://www.linkedin.com/jobs/view/4442111700
sunday natural|marketing data analyst (all genders)|berlin, germany|https://www.linkedin.com/jobs/view/4437439563
ruby labs|lead billing data analyst  billing, payments & subscription analytics|greece|https://www.linkedin.com/jobs/view/4437865763
ruby labs|billing data analyst|hungary|https://www.linkedin.com/jobs/view/4437875200
ruby labs|lead billing data analyst  billing, payments & subscription analytics|hungary|https://www.linkedin.com/jobs/view/4437874248
air apps|data analyst|dublin, county dublin, ireland|https://www.linkedin.com/jobs/view/4408024808
alignerr|map & location data analyst|italy|https://www.linkedin.com/jobs/view/4444236807
air apps|data analyst|greater rome metropolitan area, worldwide|https://www.linkedin.com/jobs/view/4407425281
ruby labs|billing data analyst|kazakhstan, worldwide|https://www.linkedin.com/jobs/view/4437869519
ruby labs|lead billing data analyst  billing, payments & subscription analytics|kazakhstan, worldwide|https://www.linkedin.com/jobs/view/4437875181
ruby labs|billing data analyst|latvia, worldwide|https://www.linkedin.com/jobs/view/4437873269
ruby labs|senior data analyst|latvia, worldwide|https://www.linkedin.com/jobs/view/4414979977
ruby labs|lead billing data analyst  billing, payments & subscription analytics|latvia, worldwide|https://www.linkedin.com/jobs/view/4437867670
ruby labs|billing data analyst|lithuania, worldwide|https://www.linkedin.com/jobs/view/4437863867
ruby labs|lead billing data analyst  billing, payments & subscription analytics|lithuania, worldwide|https://www.linkedin.com/jobs/view/4437875180
ruby labs|billing data analyst|moldova, worldwide|https://www.linkedin.com/jobs/view/4437881055
ruby labs|lead billing data analyst  billing, payments & subscription analytics|moldova, worldwide|https://www.linkedin.com/jobs/view/4437861854
ruby labs|billing data analyst|montenegro, rio grande do sul, brazil|https://www.linkedin.com/jobs/view/4437877161
ruby labs|lead billing data analyst  billing, payments & subscription analytics|montenegro, rio grande do sul, brazil|https://www.linkedin.com/jobs/view/4437868617
ruby labs|senior data analyst|montenegro, rio grande do sul, brazil|https://www.linkedin.com/jobs/view/4414981882
ruby labs|billing data analyst|poland|https://www.linkedin.com/jobs/view/4437865774
ruby labs|senior data analyst|poland|https://www.linkedin.com/jobs/view/4414982912
ruby labs|lead billing data analyst  billing, payments & subscription analytics|poland|https://www.linkedin.com/jobs/view/4437859942
air apps|data analyst|lisbon, lisbon, portugal|https://www.linkedin.com/jobs/view/4318507464
e.on software development|experience data analyst|bucharest, romania|https://www.linkedin.com/jobs/view/4440963667
ruby labs|billing data analyst|romania|https://www.linkedin.com/jobs/view/4437868619
ruby labs|lead billing data analyst  billing, payments & subscription analytics|romania|https://www.linkedin.com/jobs/view/4437860912
facer|lead data analyst|los angeles, canada|https://www.linkedin.com/jobs/view/4324371424
ruby labs|billing data analyst|serbia, worldwide|https://www.linkedin.com/jobs/view/4437882029
ruby labs|senior data analyst|serbia, worldwide|https://www.linkedin.com/jobs/view/4414996447
ruby labs|billing data analyst|slovakia, worldwide|https://www.linkedin.com/jobs/view/4437875191
ruby labs|lead billing data analyst  billing, payments & subscription analytics|slovakia, worldwide|https://www.linkedin.com/jobs/view/4437869510
ruby labs|billing data analyst|slovenia, worldwide|https://www.linkedin.com/jobs/view/4437863868
ruby labs|lead billing data analyst  billing, payments & subscription analytics|slovenia, worldwide|https://www.linkedin.com/jobs/view/4437861848
alignerr|map & location data analyst|spain|https://www.linkedin.com/jobs/view/4444249126
air apps|data analyst|greater madrid metropolitan area, worldwide|https://www.linkedin.com/jobs/view/4403445727
deel|data analyst - finance|spain|https://www.linkedin.com/jobs/view/4434321409
labhouse|product lead & data analyst|barcelona, catalonia, spain|https://www.linkedin.com/jobs/view/4434560013
ruby labs|senior data analyst|spain|https://www.linkedin.com/jobs/view/4414988614
air apps|data analyst|zurich, zurich, switzerland|https://www.linkedin.com/jobs/view/4405174003
alignerr|map & location data analyst|türkiye, worldwide|https://www.linkedin.com/jobs/view/4444235772
ruby labs|billing data analyst|türkiye, worldwide|https://www.linkedin.com/jobs/view/4437859941
appflame|product data analyst|kyiv, kyiv city, ukraine|https://www.linkedin.com/jobs/view/4446330183
appflame|appflame - middle data analyst|kyiv, kyiv city, ukraine|https://www.linkedin.com/jobs/view/4439099336
ruby labs|billing data analyst|ukraine|https://www.linkedin.com/jobs/view/4437882022
appflame|marketing  data analyst|kyiv, kyiv city, ukraine|https://www.linkedin.com/jobs/view/4438651804
ruby labs|senior data analyst|ukraine|https://www.linkedin.com/jobs/view/4414990554
ruby labs|lead billing data analyst  billing, payments & subscription analytics|ukraine|https://www.linkedin.com/jobs/view/4437882024
united media|business analyst internship at united media|london, england, united kingdom|https://www.linkedin.com/jobs/view/4436316705
air apps|data analyst|london, england, united kingdom|https://www.linkedin.com/jobs/view/4403113426
hived|staff data analyst|london area, united kingdom|https://www.linkedin.com/jobs/view/4443331852
cleo|senior / lead data analyst, marketing analytics (organic & brand)|london, england, united kingdom|https://www.linkedin.com/jobs/view/4437689222
cleo|senior / lead data analyst, marketing analytics (organic & brand)|united kingdom|https://www.linkedin.com/jobs/view/4437684784
deel|senior data analyst|london, england, united kingdom|https://www.linkedin.com/jobs/view/4432788409
cleo|senior / lead data analyst, marketing analytics (organic & brand)|london area, united kingdom|https://www.linkedin.com/jobs/view/4358132944
ruby labs|billing data analyst|european union, worldwide|https://www.linkedin.com/jobs/view/4437881054
ruby labs|senior data analyst|european union, worldwide|https://www.linkedin.com/jobs/view/4414988617
ruby labs|lead billing data analyst  billing, payments & subscription analytics|european union, worldwide|https://www.linkedin.com/jobs/view/4437868623
ruby labs|senior data analyst|czechia, worldwide|https://www.linkedin.com/jobs/view/4414996448
danone|user experience superiority data analyst intern|utrecht, utrecht, netherlands|https://www.linkedin.com/jobs/view/4440008870
deloitte|business analyst / intern - robotic process automation (rpa) & data governance|baku, baku ekonomic zone, worldwide|https://www.linkedin.com/jobs/view/4443278376
vanroey|business analyst integration|belgium|https://www.linkedin.com/jobs/view/4409342501
akzonobel|channel manager|vilvoorde, flemish region, belgium|https://www.linkedin.com/jobs/view/4428866459
levi strauss & co.|allocation analyst intern|ixelles, belgium|https://www.linkedin.com/jobs/view/4444337888
scor|p&c financial analyst intern|paris, île-de-france, france|https://www.linkedin.com/jobs/view/4436366159
accor|data & hris – employee central core hr — internship f/m/x|issy-les-moulineaux, île-de-france, france|https://www.linkedin.com/jobs/view/4443459104
sbs|external relations intern ( 6 months internship)|paris, île-de-france, france|https://www.linkedin.com/jobs/view/4445960734
heli america|it business analyst intern|ga, atlanta, worldwide|https://www.linkedin.com/jobs/view/4444984662
dekalb public health (ga)|business support analyst 3|ga, dekalb county, worldwide|https://www.linkedin.com/jobs/view/4441723290
georgia department of public health|business support analyst 3|ga, dekalb county, worldwide|https://www.linkedin.com/jobs/view/4441373478
guggenheim securities|experienced vice president – investment banking, business & technology services|ga, atlanta, worldwide|https://www.linkedin.com/jobs/view/4446865038
guggenheim securities|experienced associate – investment banking global services|ga, atlanta, worldwide|https://www.linkedin.com/jobs/view/4446849776
porsche cars north america|intern, parts business analyst|ga, atlanta, worldwide|https://www.linkedin.com/jobs/view/4446106611
sv sparkassenversicherung|business analyst:in (m/w/d)|stuttgart, baden-württemberg, germany|https://www.linkedin.com/jobs/view/4440192880
teamviewer|intern, business analyst (all genders)|berlin, berlin, germany|https://www.linkedin.com/jobs/view/4443246207
teamviewer|intern, business analyst (all genders)|berlin, germany|https://www.linkedin.com/jobs/view/4445702005
solaris se|financial planning & analysis intern|berlin, germany|https://www.linkedin.com/jobs/view/4441579162
intellera consulting|business analysis – intern roma|rome, latium, italy|https://www.linkedin.com/jobs/view/4438191591
kpmg italy|it business analyst sap - financial services (intern)|milan, lombardy, italy|https://www.linkedin.com/jobs/view/4392873977
kpmg italy|it business analyst sap - financial services (intern)|rome, latium, italy|https://www.linkedin.com/jobs/view/4392890558
woolrich|sales analyst intern|turin, piedmont, italy|https://www.linkedin.com/jobs/view/4437197003
stellantis|business analyst internship - aftersales planning|rome, latium, italy|https://www.linkedin.com/jobs/view/4435981388
abbott|business analyst intern - vascular|rome, latium, italy|https://www.linkedin.com/jobs/view/4444570463
atradius the netherlands|data analyst intern (strategy & corporate development)  - amsterdam|amsterdam, north holland, netherlands|https://www.linkedin.com/jobs/view/4439244101
foot locker|intern, planning|utrecht, utrecht, netherlands|https://www.linkedin.com/jobs/view/4440464074
icl group|procurement analyst intern|amsterdam, north holland, netherlands|https://www.linkedin.com/jobs/view/4428713310
triple jump|fund administrator intern|amsterdam, north holland, netherlands|https://www.linkedin.com/jobs/view/4436200986
ey|ey gds poland nextgen talent internship - junior wealth & asset management business analyst|katowice, śląskie, poland|https://www.linkedin.com/jobs/view/4442206726
bank of america|enterprise credit summer analyst program - 2027|los angeles metropolitan area, worldwide|https://www.linkedin.com/jobs/view/4441798093
niagara bottling|oracle fusion cloud functional analyst ii - ptp module|diamond bar, canada|https://www.linkedin.com/jobs/view/4441257258
tiktok|business analyst project intern(tiktok- operations) - 2026 start (bs/ms)|los angeles, canada|https://www.linkedin.com/jobs/view/4317752471
ppg|it business analyst - internship|barcelona, catalonia, spain|https://www.linkedin.com/jobs/view/4447057056
keysight technologies|data analyst intern|barcelona, catalonia, spain|https://www.linkedin.com/jobs/view/4441003249
the duracell company|master data intern (temporary)|barcelona, catalonia, spain|https://www.linkedin.com/jobs/view/4440301800
allfunds|data project manager support|madrid, community of madrid, spain|https://www.linkedin.com/jobs/view/4446039535
avanade|ocm advisory analyst - organisational change, business transformation & ai enablement|stockholm, stockholm county, sweden|https://www.linkedin.com/jobs/view/4387284950
deloitte|business analyst - künstliche intelligenz & daten (data management & datenplattformen fokus)|zurich, zurich, switzerland|https://www.linkedin.com/jobs/view/4444942400
deloitte|business analyst - künstliche intelligenz & daten (data management & datenplattformen fokus)|geneva, geneva, switzerland|https://www.linkedin.com/jobs/view/4444939566
finstock, inc.|finance intern - vietnam market research|fully, valais, switzerland|https://www.linkedin.com/jobs/view/4432397588
stripe theory|marketing data analyst|ga, atlanta, worldwide|https://www.linkedin.com/jobs/view/4438118895
bitė lietuva|junior it business analyst|vilnius, vilniaus, worldwide|https://www.linkedin.com/jobs/view/4438517797
capgemini|data analyst (with chinese)|warsaw, mazowieckie, poland|https://www.linkedin.com/jobs/view/4415352297
atharicommerce|kaufmann/-frau für büromanagement, bürokaufmann/-frau (m/w/d), vollzeit|cologne, north rhine-westphalia, germany|https://www.linkedin.com/jobs/view/4439688530
dentsu|performance executive / analyst|vienna, vienna, austria|https://www.linkedin.com/jobs/view/4374613398
kwizda pharmadistribution|ma support business analysis (w/m/d)|leopoldsdorf, lower austria, austria|https://www.linkedin.com/jobs/view/4437796021
henkel|internship in category management - henkel consumer brands (m/f/x) - july 2026|brussels, brussels region, belgium|https://www.linkedin.com/jobs/view/4422437253
de stroomlijn|business analyst|flemish region, belgium|https://www.linkedin.com/jobs/view/4445638803
katoen natie|business analyst|antwerp, flemish region, belgium|https://www.linkedin.com/jobs/view/4328683633
h.essers|business analyst|genk, flemish region, belgium|https://www.linkedin.com/jobs/view/4425998613
mainfreight europe|business analyst zwijnaarde|ghent, flemish region, belgium|https://www.linkedin.com/jobs/view/4417722686
richemont|intern - marketing analyst consumer insight (h/f)|paris, île-de-france, france|https://www.linkedin.com/jobs/view/4428483847
ykone|strategic insights intern - stage|paris, île-de-france, france|https://www.linkedin.com/jobs/view/4435445043
epi company|market intelligence and strategy intern – hybrid in paris|paris, île-de-france, france|https://www.linkedin.com/jobs/view/4439408148
c&a|intern (m/f/d) market insights & analytics|düsseldorf, north rhine-westphalia, germany|https://www.linkedin.com/jobs/view/4438240131
enbw energie baden-württemberg ag|business analyst marktkommunikation und edi (w/m/d)|karlsruhe, baden-württemberg, germany|https://www.linkedin.com/jobs/view/4446316710
cendas|business analyst / ux-consultant – saas product (m/w/d) - full remote|bochum, north rhine-westphalia, germany|https://www.linkedin.com/jobs/view/4446949322
init group|business analyst (m/w/d)|karlsruhe, baden-württemberg, germany|https://www.linkedin.com/jobs/view/4439041491
twomynds|werkstudent:in business & data analyst consultant (m/w/d)|bonn, north rhine-westphalia, germany|https://www.linkedin.com/jobs/view/4439227776
mendelson & co.|business analyst (m/w/d) in aachen|germany|https://www.linkedin.com/jobs/view/4436658770
kpmg deutschland|business analyst financial services tax (w/m/d)|frankfurt, hesse, germany|https://www.linkedin.com/jobs/view/4435411714
capgemini|business analyst für versicherungen (w/m/d)|hannover, lower saxony, germany|https://www.linkedin.com/jobs/view/4447051333
essilorluxottica|eyewear go to market internship|milan, lombardy, italy|https://www.linkedin.com/jobs/view/4437555037
rekeep|marketing analyst internship|bologna, emilia-romagna, italy|https://www.linkedin.com/jobs/view/4417739578
fater|consumer & market insights intern|spoltore, abruzzi, italy|https://www.linkedin.com/jobs/view/4426869784
baker hughes|intern – market analyst – bari, italy – 2026 (m/f/d)|bari, apulia, italy|https://www.linkedin.com/jobs/view/4389931584
one97 communications limited|market intelligence intern|luxembourg, luxembourg|https://www.linkedin.com/jobs/view/4440646641
kantar|media & creative effectiveness intern|amsterdam, north holland, netherlands|https://www.linkedin.com/jobs/view/4446050310
iff|consumer insights intern|hilversum, north holland, netherlands|https://www.linkedin.com/jobs/view/4441480907
kraft heinz|consumer experience intern|nijmegen, gelderland, netherlands|https://www.linkedin.com/jobs/view/4425849815
politie nederland|business analist missiekritische communicatie|zeist, utrecht, netherlands|https://www.linkedin.com/jobs/view/4437487973
asml|business economics/finance internship: financial analyst capital efficiency|veldhoven, north brabant, netherlands|https://www.linkedin.com/jobs/view/4408847357
sopra steria|business analyst – fec screening systems (sanction detection)|nieuwegein, utrecht, netherlands|https://www.linkedin.com/jobs/view/4252012079
hoogheemraadschap van rijnland|business analist|leiden, south holland, netherlands|https://www.linkedin.com/jobs/view/4442127604
facilicom groep|business analist|schiedam, south holland, netherlands|https://www.linkedin.com/jobs/view/4429123591
samenwerking beroepsonderwijs bedrijfsleven sbb|business analist|zoetermeer, south holland, netherlands|https://www.linkedin.com/jobs/view/4438801526
politie opleiding centrum zuid nederland|business analist missiekritische communicatie|zeist, utrecht, netherlands|https://www.linkedin.com/jobs/view/4434810129
beiersdorf|intern - commercial excellence|warsaw, mazowieckie, poland|https://www.linkedin.com/jobs/view/4425771767
accenture poland|business analyst internship program (he/she/they)|warsaw, mazowieckie, poland|https://www.linkedin.com/jobs/view/4441315673
acca careers|business analyst internship program (he/she/they)|warsaw, mazowieckie, poland|https://www.linkedin.com/jobs/view/4443355681
tiktok|creator growth project intern (tiktok shop - us operation) - 2026 start (bs/ms)|los angeles, canada|https://www.linkedin.com/jobs/view/4426933589
accenture na slovensku|content & market research intern (part-time for students)|bratislava, bratislava, worldwide|https://www.linkedin.com/jobs/view/4437577278
tripadvisor|marketing analyst intern|barcelona, catalonia, spain|https://www.linkedin.com/jobs/view/4444336780
astara|marketing analyst intern|madrid, community of madrid, spain|https://www.linkedin.com/jobs/view/4414629976
thefork|marketing analyst intern|barcelona, catalonia, spain|https://www.linkedin.com/jobs/view/4441815294
interbrand|intern- analyst|madrid, community of madrid, spain|https://www.linkedin.com/jobs/view/4210044683
teamsystem|marketing analyst intern|madrid, community of madrid, spain|https://www.linkedin.com/jobs/view/4436222736
kesko sverige|affärsanalytiker commerce|stockholm, stockholm county, sweden|https://www.linkedin.com/jobs/view/4444325367
arthur d. little|uk - business analyst internship - performance & risk/resilience practice|city of london, england, united kingdom|https://www.linkedin.com/jobs/view/4445958389
finanz informatik solutions plus|business-analyst banking und osplus (m/w/d)|frankfurt am main, hesse, germany|https://www.linkedin.com/jobs/view/4398544296
hansainvest hanseatische investment-gmbh|business application analyst (m/w/d) für sap|hamburg, hamburg, germany|https://www.linkedin.com/jobs/view/4395377804
brl boege rohde luebbehuesen|2026 – studium an der hochschule fresenius (b.a.) steuerberatung & wirtschaftsprüfung + erste berufserfahrung als werkstudent*in  tax compliance|hamburg, hamburg, germany|https://www.linkedin.com/jobs/view/4445247400
hansainvest hanseatische investment-gmbh|business application analyst (m/w/d) für kunden- und stammdatensysteme|hamburg, hamburg, germany|https://www.linkedin.com/jobs/view/4295092928
capgemini|business analyst für versicherungen (w/m/d)|munich, bavaria, germany|https://www.linkedin.com/jobs/view/4437167341
logobject ag|business analyst:in / technische:r projektleiter:in|oberhausen, north rhine-westphalia, germany|https://www.linkedin.com/jobs/view/4444247662
free2move|financial business analyst assistant - internship 🚀|paris, île-de-france, france|https://www.linkedin.com/jobs/view/4444003941
condé nast|business analyst junior intern|paris, île-de-france, france|https://www.linkedin.com/jobs/view/4418179295
condé nast|business analyst junior intern|paris, île-de-france, france|https://www.linkedin.com/jobs/view/4418170839
nissan united|internship - junior data analyst f/m|boulogne-billancourt, île-de-france, france|https://www.linkedin.com/jobs/view/4433102778
about you|senior product analyst - shop analytics (all genders)|greater hamburg area, worldwide|https://www.linkedin.com/jobs/view/4432969806
adjoe|intern - business analyst (f/m/d)|hamburg, hamburg, germany|https://www.linkedin.com/jobs/view/4428871054
subito|business data analyst intern|milan, lombardy, italy|https://www.linkedin.com/jobs/view/4441596357
impact brands|executive assistant to the chief marketing officer (remote)|lithuania, worldwide|https://www.linkedin.com/jobs/view/4429069392
customs support group|fulltime marketing trainee /internship - hybrid (rotterdam, nl) - 6 months|rotterdam-albrandswaard, south holland, netherlands|https://www.linkedin.com/jobs/view/4444405817
agiletv|business analyst intern|madrid, community of madrid, spain|https://www.linkedin.com/jobs/view/4438203221
edreams odigeo|accommodation business analyst intern(hybrid)|barcelona, catalonia, spain|https://www.linkedin.com/jobs/view/4446785896
adecco|marketing assistant intern|dilbeek, flemish region, belgium|https://www.linkedin.com/jobs/view/4443788850
augustinus bader|emea marketing assistant intern|paris, île-de-france, france|https://www.linkedin.com/jobs/view/4439231603
lvmh fragrance brands|trade marketing assistant (internship)|milan, lombardy, italy|https://www.linkedin.com/jobs/view/4432359835
henkel|internship as digital marketing assistant|milan, lombardy, italy|https://www.linkedin.com/jobs/view/4446337260
the estée lauder companies inc.|italy internship consumer marketing assistant mac|milan, lombardy, italy|https://www.linkedin.com/jobs/view/4446040354
jetfly|marketing assistant|senningerberg, luxembourg, luxembourg|https://www.linkedin.com/jobs/view/4437765421
northrop & johnson|marketing assistant intern|monaco, monaco, worldwide|https://www.linkedin.com/jobs/view/4443228200
miratech|sales & marketing coordinator intern|kyiv, kyiv city, ukraine|https://www.linkedin.com/jobs/view/4398212931
bitmovin|ai business internship|klagenfurt, carinthia, austria|https://www.linkedin.com/jobs/view/4395289654
alphatauri|internship fashion marketing alphatauri|elsbethen, salzburg, austria|https://www.linkedin.com/jobs/view/4438230621
lomography|sales & marketing internship|vienna, vienna, austria|https://www.linkedin.com/jobs/view/4429736481
lomography|marketing & retail internship scandinavia & netherlands|vienna, vienna, austria|https://www.linkedin.com/jobs/view/4428103670
electra|business development intern - austria 🇦🇹|vienna, vienna, austria|https://www.linkedin.com/jobs/view/4440624252
scalable capital|intern business development austria (m/f/x)|vienna, vienna, austria|https://www.linkedin.com/jobs/view/4446079186
leggett & platt|engineering intern (austria)|austria|https://www.linkedin.com/jobs/view/4444218426
lgt private banking|intern marketing & communications (m/f/d) - temporary 18 months|vienna, vienna, austria|https://www.linkedin.com/jobs/view/4446813137
hirschmann automotive|marketing trainee (m/f/d)|rankweil, vorarlberg, austria|https://www.linkedin.com/jobs/view/4439052571
oberalp group|internship marketing dynafit national at|bergheim, salzburg, austria|https://www.linkedin.com/jobs/view/4431088443
pcg - public cloud group|partner manager microsoft (w/m/d)|austria|https://www.linkedin.com/jobs/view/4440768901
instagrid|customer success manager - österreich (w/m/d)|austria|https://www.linkedin.com/jobs/view/4444451930
arrive|sales account executive|vienna, austria|https://www.linkedin.com/jobs/view/4440456596
instaffo|key account manager austria (mwd)|vienna, vienna, austria|https://www.linkedin.com/jobs/view/4446305750
pcg - public cloud group|alliance partner manager (w/m/d)|austria|https://www.linkedin.com/jobs/view/4440786143
arrive|account executive (m/w/d)|vienna, vienna, austria|https://www.linkedin.com/jobs/view/4436592809
adesso business consulting ag|senior consultant sap fi/co (all genders)|vienna, vienna, austria|https://www.linkedin.com/jobs/view/4251559502
adesso business consulting ag|senior sap engineer (all genders)|vienna, vienna, austria|https://www.linkedin.com/jobs/view/4285711845
jde peet's|marketing internship / stage (direct to consumer)|brussels, brussels region, belgium|https://www.linkedin.com/jobs/view/4424437723
barilla group|trade marketing & category management intern|brussels, brussels region, belgium|https://www.linkedin.com/jobs/view/4429558435
procter & gamble|brand management internship|brussels, brussels region, belgium|https://www.linkedin.com/jobs/view/4390352032
iglo belgium (nomad foods)|❄️marketing intern ❄️|brussels, brussels region, belgium|https://www.linkedin.com/jobs/view/4430462098
parfums christian dior|hr intern - january 2027|brussels, brussels region, belgium|https://www.linkedin.com/jobs/view/4440991802
the estée lauder companies inc.|brand marketing- school internship|diegem, flemish region, belgium|https://www.linkedin.com/jobs/view/4105442511
renault group|sales & marketing internship - alpine|drogenbos, flemish region, belgium|https://www.linkedin.com/jobs/view/4440559815
radisson hotel group|f&b intern (breakfast)|auderghem, belgium|https://www.linkedin.com/jobs/view/4418555587
semetis|digital business intern (nl or fr)|st-jans-molenbeek, brussels region, belgium|https://www.linkedin.com/jobs/view/4421930090
ikea|internship marketing|liège, walloon region, belgium|https://www.linkedin.com/jobs/view/4432359112
electra|business operations b2b intern 🇧🇪|ixelles, belgium|https://www.linkedin.com/jobs/view/4442684597
devoteam|marketing internship|machelen, flemish region, belgium|https://www.linkedin.com/jobs/view/4445129483
octave|product marketing intern|leuven, flemish region, belgium|https://www.linkedin.com/jobs/view/4444334705
cadence|intern - digital marketing|brussels, brussels region, belgium|https://www.linkedin.com/jobs/view/4439994941
paynovate|brand & content marketing intern|brussels, brussels region, belgium|https://www.linkedin.com/jobs/view/4426396241
degroof petercam|cfo - internship process management|brussels, brussels region, belgium|https://www.linkedin.com/jobs/view/4415789145
hp|internship at hp store benelux|diegem, flemish region, belgium|https://www.linkedin.com/jobs/view/4432801911
mcdonald's|marketing / campaigning intern|diegem, flemish region, belgium|https://www.linkedin.com/jobs/view/4442289530
group-ips|young graduate from job fairs|brussels, brussels region, belgium|https://www.linkedin.com/jobs/view/4376074237
mediamarkt belgium|internship marketing & campaign operations (be)|strombeek-bever, flemish region, belgium|https://www.linkedin.com/jobs/view/4412951013
ab inbev|trade marketing intern expansion|leuven, flemish region, belgium|https://www.linkedin.com/jobs/view/4408832888
aertssen group|stagiair employer branding & recruitment marketing|stabroek, flemish region, belgium|https://www.linkedin.com/jobs/view/4303697494
pluxee belgium|marketing & communications intern (german-speaking markets)|brussels, brussels region, belgium|https://www.linkedin.com/jobs/view/4437235891
henkel|internship in marketing - august 2026 (m/f/x)|brussels, brussels region, belgium|https://www.linkedin.com/jobs/view/4435335496
clips|stagiair marketing|antwerp, flemish region, belgium|https://www.linkedin.com/jobs/view/4425633033
ab inbev|trade marketing intern (expansion – indirect markets)|leuven, flemish region, belgium|https://www.linkedin.com/jobs/view/4384898378
cegeka|stagiair marketing|flemish region, belgium|https://www.linkedin.com/jobs/view/4408409671
médecins sans frontières belgium|recruitment marketing & support intern|brussels, brussels region, belgium|https://www.linkedin.com/jobs/view/4440001406
henkel|internship in maintenance & engineering - september 2026 (m/f/x)|drogenbos, flemish region, belgium|https://www.linkedin.com/jobs/view/4440583517
commscope|intern, planning|kessel-lo, flemish region, belgium|https://www.linkedin.com/jobs/view/4397059077
degroof petercam|dpam - internship international sales officer|brussels, brussels region, belgium|https://www.linkedin.com/jobs/view/4432360596
pwc belgium|school internship in ai agent development in deals m&a - start now|brussels, brussels region, belgium|https://www.linkedin.com/jobs/view/4340630527
ogilvy social.lab belgium|influencer marketing internship opportunity|brussels, brussels region, belgium|https://www.linkedin.com/jobs/view/4445965319
kraft heinz|category taste elevation intern|berchem, flemish region, belgium|https://www.linkedin.com/jobs/view/4440229828
unilin|young graduate sales specialist|wielsbeke, flemish region, belgium|https://www.linkedin.com/jobs/view/4359293140
degroof petercam|dpam - internship rfp|brussels, brussels region, belgium|https://www.linkedin.com/jobs/view/4435243036
pwc belgium|school internship in ai agent development in deals m&a (2026-2027)|brussels, brussels region, belgium|https://www.linkedin.com/jobs/view/4421126960
pwc belgium|internship in digital control transformation - academic year 2026-2027|brussels, brussels region, belgium|https://www.linkedin.com/jobs/view/4423167331
pandox|training coordinator intern|brussels metropolitan area, worldwide|https://www.linkedin.com/jobs/view/4413342963
deschacht|business applications solution lead|ghent, flemish region, belgium|https://www.linkedin.com/jobs/view/4432369640
technicel|business applications solution lead (buildmat)|ghent, flemish region, belgium|https://www.linkedin.com/jobs/view/4443437377
abn amro belgium|technology service & delivery officer|antwerp, flemish region, belgium|https://www.linkedin.com/jobs/view/4414108551
thys communicatie|account manager|antwerp, flemish region, belgium|https://www.linkedin.com/jobs/view/4442591419
abn amro bank n.v.|technology service & delivery officer|antwerp, flemish region, belgium|https://www.linkedin.com/jobs/view/4413992548
robert half|hse expert|roeselare, flemish region, belgium|https://www.linkedin.com/jobs/view/4444403072
vpk belgium|internal sales medewerker|oudegem, flemish region, belgium|https://www.linkedin.com/jobs/view/4439877008
johnson controls|account manager bms|dilbeek, flemish region, belgium|https://www.linkedin.com/jobs/view/4443637406
tailormade logistics|internship - business development|ghent, flemish region, belgium|https://www.linkedin.com/jobs/view/4406448319
henkel|internship in supply chain (m/f/x) - july 2026|auderghem, belgium|https://www.linkedin.com/jobs/view/4435168360
unikoo|finance consultant|ghent, flemish region, belgium|https://www.linkedin.com/jobs/view/4446320459
bdo belgium|junior legal manager — data protection, ip & technology (sterke focus op ip)|zaventem, flemish region, belgium|https://www.linkedin.com/jobs/view/4422441261
cegeka|m365 copilot consultant|flemish region, belgium|https://www.linkedin.com/jobs/view/4426831678
amp|business development manager - voor amp (bpost company)|neder-over-heembeek, brussels region, belgium|https://www.linkedin.com/jobs/view/4431835206
unikoo|finance consultant|hasselt, flemish region, belgium|https://www.linkedin.com/jobs/view/4436758147
milgro  b corp™|business developer|merelbeke, flemish region, belgium|https://www.linkedin.com/jobs/view/4442710818
belgie vacature|business developer limburg|zonhoven, flemish region, belgium|https://www.linkedin.com/jobs/view/4441273440
smartphoto group|senior project manager (topfanz - 3545 halen)|halen, flemish region, belgium|https://www.linkedin.com/jobs/view/4444299743
rct stevedoring|business developer|willebroek, flemish region, belgium|https://www.linkedin.com/jobs/view/4445916393
vpk belgium|key account manager|courcelles, walloon region, belgium|https://www.linkedin.com/jobs/view/4424436759
flix|business development intern with greek (m/f/d)|sofia, sofia city, worldwide|https://www.linkedin.com/jobs/view/4417780779
sap|sap business network intern - solution support associate|sofia, sofia city, worldwide|https://www.linkedin.com/jobs/view/4439904927
commerzbank digital technology centre bulgaria|technical business analyst intern (ci/cd champ)|sofia, sofia city, worldwide|https://www.linkedin.com/jobs/view/4439232368
sap|sap business data cloud ixp intern - infrastructure team|sofia, sofia city, worldwide|https://www.linkedin.com/jobs/view/4443719958
infobip|business development intern|vodnjan, istria, worldwide|https://www.linkedin.com/jobs/view/4412171787
infobip|business development intern|zagreb, zagreb, worldwide|https://www.linkedin.com/jobs/view/4412169807
infobip|business development intern|rijeka, primorje-gorski, worldwide|https://www.linkedin.com/jobs/view/4412191003
inspiration commerce group|summer intern (ecommerce operations)|croatia, split-dalmatia, worldwide|https://www.linkedin.com/jobs/view/4414247821
asahi europe & international|junior ap accountant|dominican republic, worldwide|https://www.linkedin.com/jobs/view/4445132647
teton|software engineer  (summer intern)|copenhagen, capital region of denmark, denmark|https://www.linkedin.com/jobs/view/4433857612
furesø data|marketing intern|værløse, capital region of denmark, denmark|https://www.linkedin.com/jobs/view/4436712377
openframe|marketing intern|copenhagen, capital region of denmark, denmark|https://www.linkedin.com/jobs/view/4438636774
nova founders capital|business intern|copenhagen metropolitan area, worldwide|https://www.linkedin.com/jobs/view/4412109708
io interactive|marketing internship|copenhagen municipality, capital region of denmark, denmark|https://www.linkedin.com/jobs/view/4444335779
nova founders capital|business trainee|copenhagen metropolitan area, worldwide|https://www.linkedin.com/jobs/view/4412103811
private equity insights|business intern|copenhagen metropolitan area, worldwide|https://www.linkedin.com/jobs/view/4412120270
xpeng danmark|marketing assistant intern|ballerup municipality, capital region of denmark, denmark|https://www.linkedin.com/jobs/view/4368327572
athme|marketing intern (student, dk)|aarhus, central denmark region, denmark|https://www.linkedin.com/jobs/view/4436732681
wpp media|creative services is looking for interns|copenhagen, capital region of denmark, denmark|https://www.linkedin.com/jobs/view/4357442538
pwc danmark|hr business advisor hos pwc i aarhus (barselsvikariat)|aarhus, central denmark region, denmark|https://www.linkedin.com/jobs/view/4435221510
solita a/s|head of department, business advisory|copenhagen, capital region of denmark, denmark|https://www.linkedin.com/jobs/view/4437251725
luminor group|intern (sustainability reporting and performance management)|tallinn, harjumaa, worldwide|https://www.linkedin.com/jobs/view/4443346546
tata consultancy services|sales internship|helsinki, uusimaa, finland|https://www.linkedin.com/jobs/view/4439159497
luxid|marketing technology trainee|helsinki, uusimaa, finland|https://www.linkedin.com/jobs/view/4444007910
hcltech|summer intern|espoo, uusimaa, finland|https://www.linkedin.com/jobs/view/4440528075
bcg x|forward deployed ai scientist, internship, finland - bcg x|helsinki, uusimaa, finland|https://www.linkedin.com/jobs/view/4388999814
bcg x|forward deployed ai software engineer, internship, finland - bcg x|helsinki, uusimaa, finland|https://www.linkedin.com/jobs/view/4389310249
loewe|sales & supply planning internship|paris, île-de-france, france|https://www.linkedin.com/jobs/view/4443670751
tarte cosmetics|key account & trade marketing intern|paris, île-de-france, france|https://www.linkedin.com/jobs/view/4436220241
targetjobs uk|business internship (finance / entrepreneurship / marketing)|paris, île-de-france, france|https://www.linkedin.com/jobs/view/4317110464
balenciaga|balenciaga - s&op transformation & business analysis intern - september 2026 - (f/h)|paris, île-de-france, france|https://www.linkedin.com/jobs/view/4439314233
beamng gmbh|business development intern|france|https://www.linkedin.com/jobs/view/4429903570
the estée lauder companies inc.|jo malone london emea marketing intern|neuilly-sur-seine, île-de-france, france|https://www.linkedin.com/jobs/view/4395428791
uber|business development intern, paris|paris, île-de-france, france|https://www.linkedin.com/jobs/view/4440416272
tiktok|business development project intern (tiktok shop) 2026 start (bs/ms)|paris, île-de-france, france|https://www.linkedin.com/jobs/view/4324801785
oetker hotels|stage marketing|paris, île-de-france, france|https://www.linkedin.com/jobs/view/4432986087
ux4mation|sales intern|paris, île-de-france, france|https://www.linkedin.com/jobs/view/4446411750
coty|intern digital marketing assistant - hugo boss parfums|paris, île-de-france, france|https://www.linkedin.com/jobs/view/4445146705
xpeng france|marketing & pr intern (m/f)|greater paris metropolitan region, worldwide|https://www.linkedin.com/jobs/view/4437124679
spacex|fall 2026 business operations internship/co-op|any-martin-rieux, hauts-de-france, france|https://www.linkedin.com/jobs/view/4386512774
sharkninja|sales operations intern|paris, île-de-france, france|https://www.linkedin.com/jobs/view/4439798982
station f|business development intern|paris, île-de-france, france|https://www.linkedin.com/jobs/view/4438317179
cozycozy.com|global social media marketing specialist, intern, paris|paris, île-de-france, france|https://www.linkedin.com/jobs/view/4413043820
camper|pr intern - paris|paris, île-de-france, france|https://www.linkedin.com/jobs/view/4443693750
sorare|marketing intern|paris, île-de-france, france|https://www.linkedin.com/jobs/view/4377009476
savonnable|stagiaire développement commercial|cappelle-en-pévèle, hauts-de-france, france|https://www.linkedin.com/jobs/view/4446309211
tiktok|eu marketing project intern (tiktok shop) - 2026 start (bs/ms)|paris, île-de-france, france|https://www.linkedin.com/jobs/view/4397611792
quandela|product marketing intern/ apprentice|massy, île-de-france, france|https://www.linkedin.com/jobs/view/4446404000
plombon insurance|sales intern|sales, auvergne-rhône-alpes, france|https://www.linkedin.com/jobs/view/4429648603
inetum|stagiaire marketing (h/f)|saint-ouen-l’aumône, île-de-france, france|https://www.linkedin.com/jobs/view/4433501551
calyxia  certified b corp|marketing communications intern (h/f)|limeil-brévannes, île-de-france, france|https://www.linkedin.com/jobs/view/4435222060
withings|product marketing intern b2b (h/f)|issy-les-moulineaux, île-de-france, france|https://www.linkedin.com/jobs/view/4433876270
laboratoires filorga|intern - medical marketing|colombes, île-de-france, france|https://www.linkedin.com/jobs/view/4443881770
latham & watkins|human capital & legal talent intern (alternance) h/f|paris, île-de-france, france|https://www.linkedin.com/jobs/view/4426088816
didomi|digital marketing intern|paris, île-de-france, france|https://www.linkedin.com/jobs/view/4441978044
mecagent|communication & marketing intern|lyon, auvergne-rhône-alpes, france|https://www.linkedin.com/jobs/view/4445370101
station f|stagiaire 2 mois marketing digital / community manager|paris, île-de-france, france|https://www.linkedin.com/jobs/view/4444353300
shiseido|business law legal intern - juillet 2026|neuilly-sur-seine, île-de-france, france|https://www.linkedin.com/jobs/view/4403663935
deliverect|regional marketing intern|paris, île-de-france, france|https://www.linkedin.com/jobs/view/4436216419
calyxia  certified b corp|marketing communications intern (h/f)|limeil-brévannes, île-de-france, france|https://www.linkedin.com/jobs/view/4446470330
coopérative u|stagiaire marketing rse des produits u h/f|rungis, île-de-france, france|https://www.linkedin.com/jobs/view/4422444540
rivrs|stage rémunéré – stagiaire growth marketing & acquisition de joueurs (minecraft & roblox ugc)|rennes, brittany, france|https://www.linkedin.com/jobs/view/4440664970
raymond legal|legal intern – paris office  stagiaire juridique – bureau de paris|paris, île-de-france, france|https://www.linkedin.com/jobs/view/4442125305
tips|stagiaire marketing|paris, île-de-france, france|https://www.linkedin.com/jobs/view/4446881399
aircall|regional marketing intern, dach market|paris, île-de-france, france|https://www.linkedin.com/jobs/view/4438496071
barry callebaut group|stagiaires marketing|meulan, île-de-france, france|https://www.linkedin.com/jobs/view/4440211255
joko|business associate intern (online business)|paris, île-de-france, france|https://www.linkedin.com/jobs/view/4428628640
bigblue|business intelligence engineer intern — ops excellence|paris, île-de-france, france|https://www.linkedin.com/jobs/view/4427999187
shotgun|data & business operations intern|paris, île-de-france, france|https://www.linkedin.com/jobs/view/4433433450
avio|operational marketing & business travel support - intern|paris, île-de-france, france|https://www.linkedin.com/jobs/view/4444955260
sodexo|stage : innovation project intern|issy-les-moulineaux, île-de-france, france|https://www.linkedin.com/jobs/view/4444421021
station f|business associate intern - card-linked (end-of-study internship)|paris, île-de-france, france|https://www.linkedin.com/jobs/view/4424568680
baywa r.e.|artificial intelligence and business intelligence intern|lyon, auvergne-rhône-alpes, france|https://www.linkedin.com/jobs/view/4438748404
joko|us business associate intern|paris, île-de-france, france|https://www.linkedin.com/jobs/view/4426806980
condé nast|consumer marketing assistant h/f - intern|paris, île-de-france, france|https://www.linkedin.com/jobs/view/4414656695
puig|marketing operational france & belux intern|paris, île-de-france, france|https://www.linkedin.com/jobs/view/4444553684
sharkninja|commercial operations & sales internship|paris, île-de-france, france|https://www.linkedin.com/jobs/view/4427023472
free2move|customer analytics intern- internship (eng)|paris, île-de-france, france|https://www.linkedin.com/jobs/view/4428434355
gitguardian|finance operations intern|paris, île-de-france, france|https://www.linkedin.com/jobs/view/4431117944
tiktok|commerce project intern (gbs) - 2026 start (bs/ms)|paris, île-de-france, france|https://www.linkedin.com/jobs/view/4366863503
jw marriott cannes|stagiaire commercial externe f/h|cannes, provence-alpes-côte d'azur, france|https://www.linkedin.com/jobs/view/4440991166
procter & gamble|marketing media internship|paris, île-de-france, france|https://www.linkedin.com/jobs/view/4434863447
repoxa technologies|digital marketing & seo intern (remote freshers)|job, auvergne-rhône-alpes, france|https://www.linkedin.com/jobs/view/4433858194
groupe kyka|product manager & automation intern (h/f/x)|paris, île-de-france, france|https://www.linkedin.com/jobs/view/4440285472
netatmo|internship - solution engineer|lyon, auvergne-rhône-alpes, france|https://www.linkedin.com/jobs/view/4433986235
technip energies|internship - market analysis and competitive intelligence f/m|paris, île-de-france, france|https://www.linkedin.com/jobs/view/4419335929
eurofins|digital marketing internship|bordeaux, nouvelle-aquitaine, france|https://www.linkedin.com/jobs/view/4377133318
achievers network|growth operations intern or entry level|pratviel, occitanie, france|https://www.linkedin.com/jobs/view/4320737932
tencent|pubg mobile marketing and communication assistant intern|paris, île-de-france, france|https://www.linkedin.com/jobs/view/4416216895
station f|data analyst intern|paris, île-de-france, france|https://www.linkedin.com/jobs/view/4424555753
ge vernova|alternance - coordinateur déploiement mes h/f|aix-les-bains, auvergne-rhône-alpes, france|https://www.linkedin.com/jobs/view/4440968283
docaposte|stagiaire assistant commercial/communication f/h|sophia antipolis, provence-alpes-côte d'azur, france|https://www.linkedin.com/jobs/view/4419290838
faurecia|quality trainee/intern 1|nanterre, île-de-france, france|https://www.linkedin.com/jobs/view/4407423574
hylight|talent acquisition intern (3–6 months)|paris, île-de-france, france|https://www.linkedin.com/jobs/view/4446814404
the social hub (b corp™)|marketing & activations coordinator intern|toulouse, occitanie, france|https://www.linkedin.com/jobs/view/4423367579
efficy group|email marketing intern (french speaker)|paris, île-de-france, france|https://www.linkedin.com/jobs/view/4422457107
indefi|strategy consultant internship - private equity - lyon - f/h (january 2027)|lyon, auvergne-rhône-alpes, france|https://www.linkedin.com/jobs/view/4425279883
jpmorganchase|2026 commercial & investment banking - markets - off-cycle internship - paris|paris, île-de-france, france|https://www.linkedin.com/jobs/view/4427683952
philips|intern marketing manager|suresnes, île-de-france, france|https://www.linkedin.com/jobs/view/4322838775
colonies|🎯 growth marketing intern (seo, crm & acquisition)|paris, île-de-france, france|https://www.linkedin.com/jobs/view/4435447483
faurecia|pc&l intern|bavans, bourgogne-franche-comté, france|https://www.linkedin.com/jobs/view/4411613462
engie - international supply & energy management|intern - internal controller|la garenne-colombes, île-de-france, france|https://www.linkedin.com/jobs/view/4445001302
euronext|equity trading analyst internship|paris, île-de-france, france|https://www.linkedin.com/jobs/view/4435195013
alstom|internship - ethics and compliance f/m|île-de-france, france|https://www.linkedin.com/jobs/view/4408439428
jobster|stagiaire commercial f/h - studentjob.fr|paris, île-de-france, france|https://www.linkedin.com/jobs/view/4445135201
apollo mission critical engineering|multiple u.s locations - business analyst intern (ba-i) - summer 2026|ga, mableton, worldwide|https://www.linkedin.com/jobs/view/4379064091
atlanta gladiators|marketing intern|ga, duluth, worldwide|https://www.linkedin.com/jobs/view/4441070530
atlanta gladiators|marketing intern|ga, buford, worldwide|https://www.linkedin.com/jobs/view/4445222619
jd.com|human resources intern|ga, buford, worldwide|https://www.linkedin.com/jobs/view/4439460506
creature comforts brewing co.|marketing intern|ga, athens, worldwide|https://www.linkedin.com/jobs/view/4439006755
dornier medtech|marketing & events intern|ga, kennesaw, worldwide|https://www.linkedin.com/jobs/view/4438249110
lg chem america, inc.|12-month finance internship|ga, atlanta, worldwide|https://www.linkedin.com/jobs/view/4446413718
mauldin & jenkins|hr intern-atlanta|ga, atlanta, worldwide|https://www.linkedin.com/jobs/view/3783991625
sterling seacrest pritchard|summer 2027 risk management intern - atlanta|ga, atlanta, worldwide|https://www.linkedin.com/jobs/view/4443988407
powerplan, inc.|marketing intern|ga, atlanta, worldwide|https://www.linkedin.com/jobs/view/4437551552
sodexo|campus marketing intern|ga, atlanta, worldwide|https://www.linkedin.com/jobs/view/4443072157
cleveland electric company|2027 summer intern|ga, atlanta, worldwide|https://www.linkedin.com/jobs/view/4434149835
enlightened atl|intern|ga, marietta, worldwide|https://www.linkedin.com/jobs/view/4446022741
enterprise|sales management trainee intern - fall|ga, union city, worldwide|https://www.linkedin.com/jobs/view/4424227377
enterprise|sales management trainee intern - fall|ga, decatur, worldwide|https://www.linkedin.com/jobs/view/4426641048
rivercity insurance & financial services|sales and marketing intern|ga, atlanta, worldwide|https://www.linkedin.com/jobs/view/4445463657
t5 data centers|2026 procurement intern|ga, atlanta, worldwide|https://www.linkedin.com/jobs/view/4422713016
turner construction company|mk intern - marketing|ga, atlanta, worldwide|https://www.linkedin.com/jobs/view/4421623468
enterprise|sales management trainee intern - fall|ga, morrow, worldwide|https://www.linkedin.com/jobs/view/4426622959
susan g. komen|fundraising intern georgia|ga, atlanta, worldwide|https://www.linkedin.com/jobs/view/4441654992
bdo usa|tax intern, state and local tax - summer 2027 (atlanta)|ga, atlanta, worldwide|https://www.linkedin.com/jobs/view/4382732196
delta air lines|co-op, passenger facilitation (spring 2027)|ga, atlanta, worldwide|https://www.linkedin.com/jobs/view/4445182057
gourmet foods|summer intern|ga, decatur, worldwide|https://www.linkedin.com/jobs/view/4361296352
atlanta gladiators|2026-27 atlanta gladiators ticket sales internship|ga, duluth, worldwide|https://www.linkedin.com/jobs/view/4441085029
delta air lines|mba intern, financial strategy (summer 2027)|ga, atlanta, worldwide|https://www.linkedin.com/jobs/view/4401103272
fairway management, inc.|intern - project coordinator|ga, atlanta, worldwide|https://www.linkedin.com/jobs/view/4410969811
the university of georgia|forest business research intern|ga, athens, worldwide|https://www.linkedin.com/jobs/view/4402868941
doortix|growth marketing intern|ga, atlanta, worldwide|https://www.linkedin.com/jobs/view/4446896960
simon-kucher|summer 2027 intern - americas division [ug/masters]|ga, atlanta, worldwide|https://www.linkedin.com/jobs/view/4437282550
millenniumsoft inc|internship - must be a current student - can have 2024 graduation date but they must be in school|ga, covington, worldwide|https://www.linkedin.com/jobs/view/3992718220
koch|spring or summer 2027 tax transformation internship|ga, atlanta, worldwide|https://www.linkedin.com/jobs/view/4406654003
apollo mission critical engineering|multiple u.s. locations - data center commissioning intern (cx-i) - summer 2026|ga, mableton, worldwide|https://www.linkedin.com/jobs/view/4305655919
kroger|pharmacy/pharmcst-intern|ga, atlanta, worldwide|https://www.linkedin.com/jobs/view/4434521469
kroger|pharmacy/pharmcst-intern|ga, atlanta, worldwide|https://www.linkedin.com/jobs/view/4434513632
apex workforce & talent foundation|business development representative|ga, atlanta, worldwide|https://www.linkedin.com/jobs/view/4435149952
kroger|pharmacy/pharmcst-intern|ga, athens, worldwide|https://www.linkedin.com/jobs/view/4434505883
kroger|pharmacy/pharmcst-intern|ga, athens, worldwide|https://www.linkedin.com/jobs/view/4434518470
kroger|pharmacy/pharmcst-intern|ga, athens, worldwide|https://www.linkedin.com/jobs/view/4434514634
onefourtwo design group|structural engineering intern (summer 2027)|ga, atlanta, worldwide|https://www.linkedin.com/jobs/view/4434800232
budget car and truck rental of birmingham|summer operations management intern|ga, marietta, worldwide|https://www.linkedin.com/jobs/view/4375642903
ups|mhr summer 2027 intern|ga, atlanta, worldwide|https://www.linkedin.com/jobs/view/4394730679
ups|mhr summer 2027 intern|ga, atlanta, worldwide|https://www.linkedin.com/jobs/view/4394700518
georgia baptist mission board|summer intern positions in students, childrens, sports, global and preschool|ga, marietta, worldwide|https://www.linkedin.com/jobs/view/4131259431
jd.com|hrbp intern|ga, atlanta, worldwide|https://www.linkedin.com/jobs/view/4442665901
republic finance|branch operations intern|ga, south fulton, worldwide|https://www.linkedin.com/jobs/view/4446178417
target|current interns only-etl r300 summer 2026 intern posting|ga, atlanta, worldwide|https://www.linkedin.com/jobs/view/4434936535
republic finance|branch operations intern|ga, columbus, worldwide|https://www.linkedin.com/jobs/view/4446129029
republic finance|branch operations intern|ga, douglasville, worldwide|https://www.linkedin.com/jobs/view/4438502578
apex workforce & talent foundation|sales executive assistant intern|ga, atlanta, worldwide|https://www.linkedin.com/jobs/view/4447202717
z1 motorsports|paid digital marketing manager|ga, carrollton, worldwide|https://www.linkedin.com/jobs/view/4422665504
arco design/build|construction superintendent intern (summer 2027)|ga, atlanta, worldwide|https://www.linkedin.com/jobs/view/4432708647
arco design/build|construction superintendent intern (summer 2027)|ga, savannah, worldwide|https://www.linkedin.com/jobs/view/4432734377
workday|manager, sales development|ga, atlanta, worldwide|https://www.linkedin.com/jobs/view/4443637980
leapley construction group|talent acquisition and program manager|ga, atlanta, worldwide|https://www.linkedin.com/jobs/view/4439061489
clune construction company|superintendent|ga, atlanta, worldwide|https://www.linkedin.com/jobs/view/4318568702
amazon|senior product manager - brand growth, rbs brand experience|belarus, worldwide|https://www.linkedin.com/jobs/view/4443027584
amazon|marketplace consultant, belgium|brussels, brussels region, belgium|https://www.linkedin.com/jobs/view/4445200913
amazon|strategic account manager , belgium marketplace|brussels, brussels region, belgium|https://www.linkedin.com/jobs/view/4443013934
amon|data analyst @ darta|ardooie, flemish region, belgium|https://www.linkedin.com/jobs/view/4445491840
amon|business analyst productie & supply chain @ renson|waregem, flemish region, belgium|https://www.linkedin.com/jobs/view/4445709881
amazon|whs technician|antwerp, flemish region, belgium|https://www.linkedin.com/jobs/view/4443025369
amaris consulting|junior business analyst f/m/x|brussels, brussels region, belgium|https://www.linkedin.com/jobs/view/4401332441
amazon|public policy manager, economic policy eu|brussels, brussels region, belgium|https://www.linkedin.com/jobs/view/4443058010
amazon|competition counsel|brussels, brussels region, belgium|https://www.linkedin.com/jobs/view/4443029947
amazon web services (aws)|enterprise solutions architect|copenhagen, capital region of denmark, denmark|https://www.linkedin.com/jobs/view/4443058206
satair|digital business analyst|copenhagen metropolitan area, worldwide|https://www.linkedin.com/jobs/view/4434804099
omniva|business analyst|tallinn, harjumaa, worldwide|https://www.linkedin.com/jobs/view/4443509521
amazon web services (aws)|enterprise solutions architect|helsinki, southwest finland, finland|https://www.linkedin.com/jobs/view/4443043551
amazon|analyst, transformation programs, eu ltp|clichy, île-de-france, france|https://www.linkedin.com/jobs/view/4446353125
amazon|business intelligence - nd, network design insights|clichy, île-de-france, france|https://www.linkedin.com/jobs/view/4444239041
amazon|alternance operations logistiques bac+5|centre-val de loire, france|https://www.linkedin.com/jobs/view/4443040782
amazon|alternance operations logistiques bac+5|satolas-et-bonce, auvergne-rhône-alpes, france|https://www.linkedin.com/jobs/view/4443057059
amazon|alternance operations logistiques bac+5|saran, centre-val de loire, france|https://www.linkedin.com/jobs/view/4447048855
amazon|alternance operations logistiques bac+5|annecy, auvergne-rhône-alpes, france|https://www.linkedin.com/jobs/view/4443059235
amazon|alternance operations logistiques bac+5|brétigny-sur-orge, île-de-france, france|https://www.linkedin.com/jobs/view/4444122187
amazon|product manager, eu everyday essentials|clichy, île-de-france, france|https://www.linkedin.com/jobs/view/4445333257
amazon|senior business intelligence engineer, eu stores cx analytics & automation|clichy, île-de-france, france|https://www.linkedin.com/jobs/view/4443021846
amazon|amazon’s career change program – returners fr|clichy, île-de-france, france|https://www.linkedin.com/jobs/view/4443010985
amazon|responsable d'équipe logistique junior|annecy, auvergne-rhône-alpes, france|https://www.linkedin.com/jobs/view/4443039861
amazon|eu process engineer, eucf pe|beauvais, hauts-de-france, france|https://www.linkedin.com/jobs/view/4443034773
amazon|responsable d'équipe logistique junior|nantes, pays de la loire, france|https://www.linkedin.com/jobs/view/4443045477
amazon|account manager, amazon vendor services|clichy, île-de-france, france|https://www.linkedin.com/jobs/view/4443043727
amazon|responsable d'équipe logistique junior|toulouse, occitanie, france|https://www.linkedin.com/jobs/view/4443052220
amazon|responsable d'équipe logistique junior|montluel, auvergne-rhône-alpes, france|https://www.linkedin.com/jobs/view/4443052186
amazon|responsable d'équipe logistique junior|colombier-saugnieu, auvergne-rhône-alpes, france|https://www.linkedin.com/jobs/view/4443040848
amazon|responsable d'équipe logistique junior|strasbourg, grand est, france|https://www.linkedin.com/jobs/view/4443051453
amazon|responsable d'équipe logistique junior|fontaine, bourgogne-franche-comté, france|https://www.linkedin.com/jobs/view/4443055428
amazon|responsable d'équipe logistique junior|sevrey, bourgogne-franche-comté, france|https://www.linkedin.com/jobs/view/4443062174
amazon|business analyst iii - amz27093.1|ga, atlanta, worldwide|https://www.linkedin.com/jobs/view/4443023599
amazon|afe ops associate|ga, atlanta, worldwide|https://www.linkedin.com/jobs/view/4443026289
amazon|afe ops associate|ga, atlanta, worldwide|https://www.linkedin.com/jobs/view/4443031638
amazon|investigation specialist i , amazon relay|ga, atlanta, worldwide|https://www.linkedin.com/jobs/view/4443026294
amazon|strategic program logistics coordinator, amazon transportation services|ga, atlanta, worldwide|https://www.linkedin.com/jobs/view/4443019782
amazon web services (aws)|business intel engineer ii - amz27009.1|ga, atlanta, worldwide|https://www.linkedin.com/jobs/view/4443028151
amazon|middle mile performance manager (mmpm), amazon transportation services (ats)|ga, atlanta, worldwide|https://www.linkedin.com/jobs/view/4443038307
amazon|middle mile performance manager (mmpm), amazon transportation services (ats)|ga, atlanta, worldwide|https://www.linkedin.com/jobs/view/4445275169
amazon|transportation consumer relations program manager, customer delivery excellence (cde)|ga, atlanta, worldwide|https://www.linkedin.com/jobs/view/4443048045
amazon|process assistant|ga, mount vernon, worldwide|https://www.linkedin.com/jobs/view/4447063825
amazon|area manager ii|ga, macon, worldwide|https://www.linkedin.com/jobs/view/4443051360
amazon|operations manager|ga, moreland, worldwide|https://www.linkedin.com/jobs/view/4443029648
amazon|site lead, grocery fulfillment center|ga, duluth, worldwide|https://www.linkedin.com/jobs/view/4443018756
amazon|process assistant|ga, greensboro, worldwide|https://www.linkedin.com/jobs/view/4447222409
amazon|operations manager|ga, union city, worldwide|https://www.linkedin.com/jobs/view/4443029884
amazon|area manager|ga, atlanta, worldwide|https://www.linkedin.com/jobs/view/4443032859
amazon|area manager|ga, augusta, worldwide|https://www.linkedin.com/jobs/view/4443033268
amazon|area manager|ga, atlanta, worldwide|https://www.linkedin.com/jobs/view/4443049067
amazon|operations manager - jefferson, ga|ga, jefferson, worldwide|https://www.linkedin.com/jobs/view/4443040617
amazon|capacity planning analyst, amazon logistics capacity planning|munich, bavaria, germany|https://www.linkedin.com/jobs/view/4446343567
amazon|business intelligence engineer, innovation and design engineering|düsseldorf, north rhine-westphalia, germany|https://www.linkedin.com/jobs/view/4443526632
audible|manager, customer service analytics|berlin, germany|https://www.linkedin.com/jobs/view/4443031181
amazon|analytics and insight professional, amazon advertising|munich, bavaria, germany|https://www.linkedin.com/jobs/view/4443035844
amazon|station process excellence mgr|bayreuth, bavaria, germany|https://www.linkedin.com/jobs/view/4443044662
amazon|marketplace consultant|hamburg, hamburg, germany|https://www.linkedin.com/jobs/view/4443021520
amazon web services (aws)|support engineer, aws monetization|berlin, germany|https://www.linkedin.com/jobs/view/4443031670
amazon|marketplace consultant|munich, bavaria, germany|https://www.linkedin.com/jobs/view/4443032053
audible|senior business analyst, content analytics|berlin, germany|https://www.linkedin.com/jobs/view/4443008983
amazon|marketplace consultant|munich, bavaria, germany|https://www.linkedin.com/jobs/view/4443027313
amazon|operations supervisor|lengede, lower saxony, germany|https://www.linkedin.com/jobs/view/4443022660
amazon|operations supervisor|miesenbach, rhineland-palatinate, germany|https://www.linkedin.com/jobs/view/4443024955
amazon|operations supervisor|lengede, lower saxony, germany|https://www.linkedin.com/jobs/view/4446836353
amazon|3pl manager|gernsheim, hesse, germany|https://www.linkedin.com/jobs/view/4443041414
amazon|3pl manager|garbsen, lower saxony, germany|https://www.linkedin.com/jobs/view/4446170091
amazon|3pl manager|garbsen, lower saxony, germany|https://www.linkedin.com/jobs/view/4443051098
amazon|public policy manager, public policy dach|berlin, germany|https://www.linkedin.com/jobs/view/4443054240
amazon|financial analyst, international theatrical finance, international theatrical finance|berlin, germany|https://www.linkedin.com/jobs/view/4443041154
amazon|senior financial analyst, customer fulfillment, execution finance|munich, bavaria, germany|https://www.linkedin.com/jobs/view/4443042168
amazon|graduate logistik manager - erfurt|erfurt, thuringia, germany|https://www.linkedin.com/jobs/view/4443056124
amazon web services (aws)|solutions architect, cee|athens, attiki, greece|https://www.linkedin.com/jobs/view/4443027773
epam systems|business analyst (loyalty & customer)|athens, attiki, greece|https://www.linkedin.com/jobs/view/4435983697
epam systems|business analyst|athens, attiki, greece|https://www.linkedin.com/jobs/view/4437285271
harman international|business analyst (supply chain)|pécs, baranya, hungary|https://www.linkedin.com/jobs/view/4421985035
amazon web services (aws)|capacity planning manager, cdp emea|dublin, county dublin, ireland|https://www.linkedin.com/jobs/view/4443031386
amazon web services (aws)|emea data & digital program manager|dublin, county dublin, ireland|https://www.linkedin.com/jobs/view/4443039438
amazon|manager, program management, audits and insights|cork, county cork, ireland|https://www.linkedin.com/jobs/view/4443031271
amazon|software development engineer|dublin, county dublin, ireland|https://www.linkedin.com/jobs/view/4443041933
apple|technical analyst - enterprise technology services|cork, county cork, ireland|https://www.linkedin.com/jobs/view/4444285780
amazon web services (aws)|new product introduction (npi) coordinator, value recovery|dublin, county dublin, ireland|https://www.linkedin.com/jobs/view/4443022760
amazon web services (aws)|associate business developer , data center supply solutions emea|dublin, county dublin, ireland|https://www.linkedin.com/jobs/view/4443044613
amazon web services (aws)|associate business developer , data center supply solutions emea, data centre supply solutions|dublin, county dublin, ireland|https://www.linkedin.com/jobs/view/4443035118
amazon|area manager ii, fc operations|dublin, county dublin, ireland|https://www.linkedin.com/jobs/view/4444197138
amazon|software development engineer, business information governance|dublin, county dublin, ireland|https://www.linkedin.com/jobs/view/4443037640
amazon web services (aws)|software development engineer|dublin, county dublin, ireland|https://www.linkedin.com/jobs/view/4446557536
amazon web services (aws)|software development engineer|dublin, county dublin, ireland|https://www.linkedin.com/jobs/view/4446564108
amazon web services (aws)|customs brokerage operations manager, aws cloud logistics (acl)|dublin, county dublin, ireland|https://www.linkedin.com/jobs/view/4443031516
amazon web services (aws)|server operations manager, data center operations|dublin, county dublin, ireland|https://www.linkedin.com/jobs/view/4443043500
amazon|software development engineer ii, transactional data storage|dublin, county dublin, ireland|https://www.linkedin.com/jobs/view/4443052312
apple|operations program analyst, emeia — 11 month contract|cork, county cork, ireland|https://www.linkedin.com/jobs/view/4428004000
amazon web services (aws)|data center project manager, critical projects implementation (cpi)|dublin, county dublin, ireland|https://www.linkedin.com/jobs/view/4443040880
amazon|senior business partner — operations central functions , employee experience & relations|cork, county cork, ireland|https://www.linkedin.com/jobs/view/4445982862
amazon|software development engineer, amazon optics|dublin, county dublin, ireland|https://www.linkedin.com/jobs/view/4443045156
amazon web services (aws)|tech infrastructure program manager , data centre delivery|dublin, county dublin, ireland|https://www.linkedin.com/jobs/view/4444478326
amazon|analyst - delivery speed, gts field|milan, lombardy, italy|https://www.linkedin.com/jobs/view/4446338959
amazon|3p transportation business analyst, eu 3p transportation operations - 3p t&sb|milan, lombardy, italy|https://www.linkedin.com/jobs/view/4443034349
amazon|operational excellence analyst , global operational excellence|milan, lombardy, italy|https://www.linkedin.com/jobs/view/4443040025
amazon|process excellence manager, process excellence|camerano, marche, italy|https://www.linkedin.com/jobs/view/4443958610
amazon|operations supervisor, amazon grocery|peschiera, lombardy, italy|https://www.linkedin.com/jobs/view/4447213534
amazon|vendor manager 12 month ftc, amazon fresh|milan, lombardy, italy|https://www.linkedin.com/jobs/view/4443044245
amazon|operations supervisor|parma, emilia-romagna, italy|https://www.linkedin.com/jobs/view/4443034161
amazon|graduate area/shift manager - piemonte|alessandria, piedmont, italy|https://www.linkedin.com/jobs/view/4443027412
amaris consulting|business analyst it e-commerce - italy|milan, lombardy, italy|https://www.linkedin.com/jobs/view/4413486270
amazon|graduate area/shift manager - novara|novara, piedmont, italy|https://www.linkedin.com/jobs/view/4443059243
amazon|area manager, fc operations|vercelli, piedmont, italy|https://www.linkedin.com/jobs/view/4443036911
amazon|operations supervisor, amzl - dfv1|fiume veneto, friuli-venezia giulia, italy|https://www.linkedin.com/jobs/view/4443030555
amazon|graduate area/shift manager - veneto|rovigo, veneto, italy|https://www.linkedin.com/jobs/view/4443043569
amazon|graduate area/shift manager - rome|fiano romano, latium, italy|https://www.linkedin.com/jobs/view/4443030271
amazon|graduate area/shift manager - rome|frosinone, latium, italy|https://www.linkedin.com/jobs/view/4443022549
amazon|graduate area/shift manager - abruzzo|san salvo, abruzzi, italy|https://www.linkedin.com/jobs/view/4443038496
amazon|graduate area/shift manager - rome|rome, latium, italy|https://www.linkedin.com/jobs/view/4443034097
amazon|it support technician|alessandria, piedmont, italy|https://www.linkedin.com/jobs/view/4443058288
amazon|logistics area manager, fc operations|torrazza piemonte, piedmont, italy|https://www.linkedin.com/jobs/view/4443028469
amazon|area manager, fc operations|novara, piedmont, italy|https://www.linkedin.com/jobs/view/4443049370
omniva|business analyst|mārupe, mārupe municipality, worldwide|https://www.linkedin.com/jobs/view/4443511201
omniva|business analyst|kaunas, kaunas, worldwide|https://www.linkedin.com/jobs/view/4443396832
amazon|business analyst, eu step inbound and inventory placement operations (iipo)|luxembourg, luxembourg, luxembourg|https://www.linkedin.com/jobs/view/4443033223
amazon|business analyst|luxembourg, luxembourg, luxembourg|https://www.linkedin.com/jobs/view/4443045313
amazon|business analyst|luxembourg, luxembourg, luxembourg|https://www.linkedin.com/jobs/view/4446503853
amazon|business analyst, eu inbound & inventory placement operations|luxembourg, luxembourg, luxembourg|https://www.linkedin.com/jobs/view/4443026517
amazon|operational excellence analyst , global operational excellence|luxembourg, luxembourg, luxembourg|https://www.linkedin.com/jobs/view/4443038255
amazon|analyst, transformation programs, eu ltp|luxembourg, luxembourg, luxembourg|https://www.linkedin.com/jobs/view/4443041663
amazon|analyst, first mile analytics, eu ltp first mile analytics|luxembourg, luxembourg, luxembourg|https://www.linkedin.com/jobs/view/4443015878
amazon|business intel engineer ii, eu step fulfillment optimization|luxembourg, luxembourg, luxembourg|https://www.linkedin.com/jobs/view/4443029806
amazon|inventory planner|luxembourg, luxembourg, luxembourg|https://www.linkedin.com/jobs/view/4446156507
amazon|business intelligence - nd, network design insights|luxembourg, luxembourg, luxembourg|https://www.linkedin.com/jobs/view/4443021892
amazon|procurement specialist, external fulfilment, eu|luxembourg, luxembourg, luxembourg|https://www.linkedin.com/jobs/view/4443049402
amazon|transportation manager, dea team, step - speed and service programs|luxembourg, luxembourg, luxembourg|https://www.linkedin.com/jobs/view/4444479318
amazon|ux designer, eu intech|luxembourg, luxembourg, luxembourg|https://www.linkedin.com/jobs/view/4447041956
amazon|ux designer, eu intech|luxembourg, luxembourg, luxembourg|https://www.linkedin.com/jobs/view/4445996819
amazon|procurement specialist, external fulfilment, eu|luxembourg, luxembourg, luxembourg|https://www.linkedin.com/jobs/view/4443037773
amazon|inbound carrier manager, eu step iipo carrier management team|luxembourg, luxembourg, luxembourg|https://www.linkedin.com/jobs/view/4443043019
amazon|gbl strategy specialist, global medical accommodations|luxembourg, luxembourg, luxembourg|https://www.linkedin.com/jobs/view/4446505787
amazon|product manager - technical, international preferences|luxembourg, luxembourg, luxembourg|https://www.linkedin.com/jobs/view/4446351227
amazon|principal planning integration, fleet demand, eu fleet supply chain|luxembourg, luxembourg, luxembourg|https://www.linkedin.com/jobs/view/4443028586
amazon|principal planning integration, fleet demand, eu fleet supply chain|luxembourg, luxembourg, luxembourg|https://www.linkedin.com/jobs/view/4447224407
amazon|operations manager|oh, etna, worldwide|https://www.linkedin.com/jobs/view/4443040304
amazon|area manager ii|oh, etna, worldwide|https://www.linkedin.com/jobs/view/4443022774
amazon|sr. operations manager|oh, etna, worldwide|https://www.linkedin.com/jobs/view/4443044300
amazon|delivery station customer service associate, sds|oh, etna, worldwide|https://www.linkedin.com/jobs/view/4443047180
amazon|hr partner, human resources, amzl|oh, etna, worldwide|https://www.linkedin.com/jobs/view/4443028234
emerson|business analyst|oh, cambridge, worldwide|https://www.linkedin.com/jobs/view/4420629517
rocky brands, inc.|marketplace analyst|oh, nelsonville, worldwide|https://www.linkedin.com/jobs/view/4436822189
amdaris|it business analyst|chişinău, chișinău, worldwide|https://www.linkedin.com/jobs/view/4440571269
amazon|analista operações logísticas, amxl|canoas, rio grande do sul, brazil|https://www.linkedin.com/jobs/view/4443022884
amazon|analista de logística, ats - middle mile|canoas, rio grande do sul, brazil|https://www.linkedin.com/jobs/view/4443053295
amazon|operations intern - nova santa rita (rs), amazon university talent acquisition|nova santa rita, rio grande do sul, brazil|https://www.linkedin.com/jobs/view/4443035771
amazon|operations manager|nova santa rita, rio grande do sul, brazil|https://www.linkedin.com/jobs/view/4443031621
amazon|area manager|nova santa rita, rio grande do sul, brazil|https://www.linkedin.com/jobs/view/4446519145
amazon|insights and measurement consultant, amazon ads|amsterdam, north holland, netherlands|https://www.linkedin.com/jobs/view/4443046618
amazon web services (aws)|sales operations manager, emea sales operations|amsterdam, north holland, netherlands|https://www.linkedin.com/jobs/view/4443027348
amazon|ai data associate (nl), artificial general intelligence data services|the hague, south holland, netherlands|https://www.linkedin.com/jobs/view/4447063827
amazon|ai data associate (nl), artificial general intelligence data services|the hague, south holland, netherlands|https://www.linkedin.com/jobs/view/4443048385
samsung benelux|demand analyst|schiphol, north holland, netherlands|https://www.linkedin.com/jobs/view/4446040846
amazon|ai data associate (dutch-english bilingual), artificial general intelligence data services|the hague, south holland, netherlands|https://www.linkedin.com/jobs/view/4443019889
amazon|ai data associate with dutch, artificial general intelligence data services|the hague, south holland, netherlands|https://www.linkedin.com/jobs/view/4443021784
amazon|ai data associate with dutch, artificial general intelligence data services|the hague, south holland, netherlands|https://www.linkedin.com/jobs/view/4443030340
amazon|ai data associate with dutch, artificial general intelligence data services|the hague, south holland, netherlands|https://www.linkedin.com/jobs/view/4443598520
amazon|data quality specialist - german, agi data services - g t quality|the hague, south holland, netherlands|https://www.linkedin.com/jobs/view/4443047276
amazon|operations manager:in - köln|zuidwolde, drenthe, netherlands|https://www.linkedin.com/jobs/view/4443030578
amazon|loss prevention specialist|zuidwolde, drenthe, netherlands|https://www.linkedin.com/jobs/view/4443033774
amazon|operations manager, amazon logistics|valkenswaard, north brabant, netherlands|https://www.linkedin.com/jobs/view/4443040582
amazon|account executive , amazon ads|amsterdam, north holland, netherlands|https://www.linkedin.com/jobs/view/4443040290
amazon|operations manager, last mile operations|valkenswaard, north brabant, netherlands|https://www.linkedin.com/jobs/view/4443036971
amazon|delivery area manager, amazon logistics|valkenswaard, north brabant, netherlands|https://www.linkedin.com/jobs/view/4443028221
amazon|delivery area manager, last mile operations|valkenswaard, north brabant, netherlands|https://www.linkedin.com/jobs/view/4443026904
amazon|delivery area manager, last mile operations|valkenswaard, north brabant, netherlands|https://www.linkedin.com/jobs/view/4443044170
amazon|delivery area manager, last mile operations|valkenswaard, north brabant, netherlands|https://www.linkedin.com/jobs/view/4443040430
amazon|delivery area manager, last mile operations|valkenswaard, north brabant, netherlands|https://www.linkedin.com/jobs/view/4443035696
amazon web services (aws)|solutions architect|oslo, oslo, norway|https://www.linkedin.com/jobs/view/4443038955
amazon web services (aws)|cloud operations architect, public sector north|oslo, oslo, norway|https://www.linkedin.com/jobs/view/4443032728
amazon web services (aws)|enterprise account manager fsi, cs-emea sales|oslo, oslo, norway|https://www.linkedin.com/jobs/view/4443037414
amazon|operational excellence analyst , global operational excellence|warsaw, mazowieckie, poland|https://www.linkedin.com/jobs/view/4443034549
amazon|business analyst, 3p expansion poland|warsaw, mazowieckie, poland|https://www.linkedin.com/jobs/view/4443032580
amazon|lead|bielany wrocławskie, dolnośląskie, poland|https://www.linkedin.com/jobs/view/4443050176
amazon|external fulfillment ct inbound specialist, eu ef control tower|bielany wrocławskie, dolnośląskie, poland|https://www.linkedin.com/jobs/view/4443053366
amazon|vat compliance analyst, international indirect tax compliance|warsaw, mazowieckie, poland|https://www.linkedin.com/jobs/view/4443026957
amazon|lead , operations|dobromierz, dolnośląskie, poland|https://www.linkedin.com/jobs/view/4443039837
amazon|graduate area manager|świebodzin, lubuskie, poland|https://www.linkedin.com/jobs/view/4443054355
amazon|graduate area manager, operations|dobromierz, dolnośląskie, poland|https://www.linkedin.com/jobs/view/4443050318
amazon|stores coordinator|dobromierz, dolnośląskie, poland|https://www.linkedin.com/jobs/view/4443059007
amazon|graduate area manager - szczecin|szczecin, zachodniopomorskie, poland|https://www.linkedin.com/jobs/view/4443043763
amazon|kierownik obszaru / area manager, operations|poznań, wielkopolskie, poland|https://www.linkedin.com/jobs/view/4443026334
amazon web services (aws)|solutions architect, public sector|warsaw, mazowieckie, poland|https://www.linkedin.com/jobs/view/4443027856
amazon|kierownik obszaru / area manager, operations|wrocław, dolnośląskie, poland|https://www.linkedin.com/jobs/view/4443042342
amazon|kierownik obszaru - absolwent (świebodzin)|świebodzin, lubuskie, poland|https://www.linkedin.com/jobs/view/4443039762
amazon|kierownik obszaru - absolwent (gorzyczki)|gorzyczki, śląskie, poland|https://www.linkedin.com/jobs/view/4443034598
amazon|area manager / kierownik obszaru|sosnowiec, śląskie, poland|https://www.linkedin.com/jobs/view/4443038785
amazon|area manager / kierownik obszaru|świebodzin, lubuskie, poland|https://www.linkedin.com/jobs/view/4443961557
amazon web services (aws)|technical account manager, independent software vendors, emea central, aws enterprise support|warsaw, mazowieckie, poland|https://www.linkedin.com/jobs/view/4443039711
amazon|kierownik obszaru / area manager operations|gorzyczki, śląskie, poland|https://www.linkedin.com/jobs/view/4443026598
amazon|investigation specialist, sepo|gdańsk, pomorskie, poland|https://www.linkedin.com/jobs/view/4443051087
amaris consulting|d365 business analyst - retail & pos|portugal|https://www.linkedin.com/jobs/view/4443153360
amazon|software development engineer, customer traffic data|iaşi, iaşi, romania|https://www.linkedin.com/jobs/view/4443020984
amazon|software development engineer, amazon stores|iaşi, iaşi, romania|https://www.linkedin.com/jobs/view/4443047390
amazon|transportation audit & compliance specialist, transportation risk and compliance (trc)|iaşi, iaşi, romania|https://www.linkedin.com/jobs/view/4443008959
amazon|applied scientist, amazon compliance and safety services|bucharest, bucharest, romania|https://www.linkedin.com/jobs/view/4443025951
amazon|software development engineer – 2026|iaşi, iaşi, romania|https://www.linkedin.com/jobs/view/4443043638
amazon|software development engineer, amazon privacy|iaşi, iaşi, romania|https://www.linkedin.com/jobs/view/4443032693
amazon|transportation audit & compliance specialist, transportation risk and compliance (trc)|iaşi, iaşi, romania|https://www.linkedin.com/jobs/view/4443043101
auchan retail|it business analyst|bucharest, romania|https://www.linkedin.com/jobs/view/4444943289
amazon|applied scientist, amazon compliance and safety services|bucharest, bucharest, romania|https://www.linkedin.com/jobs/view/4443044886
amazon|applied scientist, amazon compliance and safety services|iaşi, iaşi, romania|https://www.linkedin.com/jobs/view/4443056389
amazon|business analyst , worldwide grocery stores (wwgs)|irvine, canada|https://www.linkedin.com/jobs/view/4443044586
amazon|professional services ii - amz19630.4|culver city, canada|https://www.linkedin.com/jobs/view/4443032777
amazon|studio data operations specialist, studio strategy and operations|culver city, canada|https://www.linkedin.com/jobs/view/4443019872
amazon|product manager-tech, subscriptions, ring subscriptions|hawthorne, canada|https://www.linkedin.com/jobs/view/4444473586
amazon|program manager, customer experience and insights team|hawthorne, canada|https://www.linkedin.com/jobs/view/4443044488
amazon game studios|content strategy & analyst, international originals strategy|culver city, canada|https://www.linkedin.com/jobs/view/4443031525
amazon|sap project systems analyst, amazon leo for government|los angeles, canada|https://www.linkedin.com/jobs/view/4443051239
amazon|content insights & analytics, global film acquisitions|culver city, canada|https://www.linkedin.com/jobs/view/4443022467
amazon|account manager, amazon global logistics|irvine, canada|https://www.linkedin.com/jobs/view/4447225437
amazon|program manager ii , operations engagement (oe), whole foods market's worldwide grocery stores (wwgs)|irvine, canada|https://www.linkedin.com/jobs/view/4443024620
amazon|operations manager|los angeles, canada|https://www.linkedin.com/jobs/view/4443033104
amazon|operations manager|eastvale, canada|https://www.linkedin.com/jobs/view/4443023448
amazon|operations manager|torrance, canada|https://www.linkedin.com/jobs/view/4443032780
amazon|data engineer ii, ring agent platforms|hawthorne, canada|https://www.linkedin.com/jobs/view/4443027172
amazon|strategic account manager, amazon publisher services|culver city, canada|https://www.linkedin.com/jobs/view/4443045610
amazon|strategic account manager, amazon publisher services|santa monica, canada|https://www.linkedin.com/jobs/view/4443036972
amazon|sr. ip analyst, global ip & literary acquisitions|culver city, canada|https://www.linkedin.com/jobs/view/4443524627
amazon|operations manager|riverside, canada|https://www.linkedin.com/jobs/view/4444753706
amazon|operations manager - santa clarita, ca|santa clarita, canada|https://www.linkedin.com/jobs/view/4443027233
amazon|operations manager|fontana, canada|https://www.linkedin.com/jobs/view/4444222956
amazon|analyst in tax operations, product classification services - tax engine|bratislava, bratislava, worldwide|https://www.linkedin.com/jobs/view/4443036907
amazon|indirect tax risk & assurance analyst, intl indirect tax controllership|bratislava, bratislava, worldwide|https://www.linkedin.com/jobs/view/4443031471
amazon|account manager (uk), amazon business|bratislava, bratislava, worldwide|https://www.linkedin.com/jobs/view/4443025720
amazon|graduate area manager - 2026 start date|slovakia, trnava region, worldwide|https://www.linkedin.com/jobs/view/4443036974
amazon|lead/vedúci(ca) prevádzky|slovakia, trnava region, worldwide|https://www.linkedin.com/jobs/view/4443032986
amazon|learning experience designer, vendor education|bratislava, bratislava, worldwide|https://www.linkedin.com/jobs/view/4443047227
amazon|learning program manager, eu vendor education|bratislava, bratislava, worldwide|https://www.linkedin.com/jobs/view/4443027797
amazon|retail vendor manager i - french|bratislava, bratislava, worldwide|https://www.linkedin.com/jobs/view/4443047422
amazon|retail vendor manager with spanish or french or german|bratislava, bratislava, worldwide|https://www.linkedin.com/jobs/view/4443040566
amazon|vf analytics specialist|barcelona, catalonia, spain|https://www.linkedin.com/jobs/view/4443027353
amazon|business intelligence engineer, data and analytics|barcelona, catalonia, spain|https://www.linkedin.com/jobs/view/4443029746
amazon|capacity planning analyst, amzl eu utr capacity planning|barcelona, catalonia, spain|https://www.linkedin.com/jobs/view/4443038984
amazon|capacity planning analyst, amzl eu utr capacity planning|barcelona, catalonia, spain|https://www.linkedin.com/jobs/view/4445995758
amazon|operational excellence analyst , global operational excellence|barcelona, catalonia, spain|https://www.linkedin.com/jobs/view/4443051227
amazon|capacity planning analyst, amzl eu utr capacity planning|barcelona, catalonia, spain|https://www.linkedin.com/jobs/view/4443053253
amazon|operational excellence analyst , global operational excellence|madrid, community of madrid, spain|https://www.linkedin.com/jobs/view/4443044649
amazon|business intelligence engineer, ship with amazon (swa)|barcelona, catalonia, spain|https://www.linkedin.com/jobs/view/4443053222
amazon|capacity planning analyst (1-year ftc), amzl eu utr capacity planning|barcelona, catalonia, spain|https://www.linkedin.com/jobs/view/4446353124
amazon web services (aws)|sales compensation analyst, smgs ops, global sales compensation|madrid, community of madrid, spain|https://www.linkedin.com/jobs/view/4443026721
amazon|inventory planner – eu middle mile forecasting and planning, middle mile planning & e2e forecasting|barcelona, catalonia, spain|https://www.linkedin.com/jobs/view/4443531534
amazon|amxl fm expansion specialist, amxl fm/mm expansion|barcelona, catalonia, spain|https://www.linkedin.com/jobs/view/4443052170
amazon|logistics scheduler, amzl central operations|barcelona, catalonia, spain|https://www.linkedin.com/jobs/view/4443026319
amazon|logistics scheduler|barcelona, catalonia, spain|https://www.linkedin.com/jobs/view/4443037199
amazon|amxl fm expansion specialist, amxl fm/mm expansion|castellbisbal, catalonia, spain|https://www.linkedin.com/jobs/view/4443042771
amazon|logistics scheduler, co otr|barcelona, catalonia, spain|https://www.linkedin.com/jobs/view/4443058005
amazon|data engineer i, ring data science and engineering|madrid, community of madrid, spain|https://www.linkedin.com/jobs/view/4443039185
amazon|senior business intelligence engineer, eu stores cx analytics & automation|madrid, community of madrid, spain|https://www.linkedin.com/jobs/view/4443041751
amazon|logistics scheduler, co otr|barcelona, catalonia, spain|https://www.linkedin.com/jobs/view/4443029453
amazon web services (aws)|sales operations manager, emea sales operations|stockholm, stockholm county, sweden|https://www.linkedin.com/jobs/view/4443027345
amazon|insights and measurement lead, amazon ads|stockholm, stockholm county, sweden|https://www.linkedin.com/jobs/view/4443045720
amazon web services (aws)|logistics specialist (aws data center)|katrineholm, södermanland county, sweden|https://www.linkedin.com/jobs/view/4443048372
amazon web services (aws)|engagement manager|stockholm, stockholm county, sweden|https://www.linkedin.com/jobs/view/4443044326
amazon web services (aws)|solutions architect, software and technology companies (isv)|stockholm, stockholm county, sweden|https://www.linkedin.com/jobs/view/4443043807
amazon web services (aws)|senior delivery consultant – data|stockholm, stockholm county, sweden|https://www.linkedin.com/jobs/view/4443057270
amazon|software development engineer – 2026|stockholm, stockholm county, sweden|https://www.linkedin.com/jobs/view/4443049528
amazon|advertising sales manager, amazon ads|stockholm, stockholm county, sweden|https://www.linkedin.com/jobs/view/4443046434
amazon|business affairs executive nordics - eux, business affairs eux|stockholm, stockholm county, sweden|https://www.linkedin.com/jobs/view/4443041184
amazon web services (aws)|account manager, isv, isv & saas segment|stockholm, stockholm county, sweden|https://www.linkedin.com/jobs/view/4444480313
amazon web services (aws)|logistics specialist, zrh logistics|zurich, zurich, switzerland|https://www.linkedin.com/jobs/view/4443040228
amazon web services (aws)|sr sales operations manager, aws global sales operations, aws global sales operations|zurich, zurich, switzerland|https://www.linkedin.com/jobs/view/4444473920
amazon rivr|financial planning and analysis (fp&a)|zurich, zurich, switzerland|https://www.linkedin.com/jobs/view/4428104200
apple|sales business analyst for switzerland and austria|zurich, zurich, switzerland|https://www.linkedin.com/jobs/view/4425246771
amazon web services (aws)|customer solutions manager, automotive & manufacturing|zurich, zurich, switzerland|https://www.linkedin.com/jobs/view/4443039539
amazon web services (aws)|proserve cloud architect, aws professional services, rcg and pan-amazon strategy and growth|zurich, zurich, switzerland|https://www.linkedin.com/jobs/view/4443050453
digitec galaxus ag|process & data analyst (w/m/d)|wohlen, aargau, switzerland|https://www.linkedin.com/jobs/view/4443288781
amazon|transportation specialist|greater istanbul, worldwide|https://www.linkedin.com/jobs/view/4445933230
amazon|whs specialist, workplace health & safety|greater istanbul, worldwide|https://www.linkedin.com/jobs/view/4443035808
amazon|key account manager, ohl|greater istanbul, worldwide|https://www.linkedin.com/jobs/view/4444959152
jabko|бізнес аналітик|lviv, lviv, ukraine|https://www.linkedin.com/jobs/view/4438791759
epam systems|business/data analyst|lviv, lviv, ukraine|https://www.linkedin.com/jobs/view/4288898280
epam systems|business/data analyst|ukraine|https://www.linkedin.com/jobs/view/4288889973
amazon|speed programs analyst , eu speed programs|london, england, united kingdom|https://www.linkedin.com/jobs/view/4443039391
amazon|process impr. specialist, gox - ops excellence|london, england, united kingdom|https://www.linkedin.com/jobs/view/4443034858
amazon|business intelligence engineer, rsi|london, england, united kingdom|https://www.linkedin.com/jobs/view/4443043549
amazon|business intelligence engineer, strategic account services|london, england, united kingdom|https://www.linkedin.com/jobs/view/4443036107
amazon web services (aws)|operations analyst, reservation product operations|london, england, united kingdom|https://www.linkedin.com/jobs/view/4443025681
amazon|business intelligence engineer, amazon customer service|london, england, united kingdom|https://www.linkedin.com/jobs/view/4443042130
amazon web services (aws)|sales operations analyst aws enterprise support strategy & operations (esso), aws enterprise support strategy & operations (esso)|london, england, united kingdom|https://www.linkedin.com/jobs/view/4443044243
amazon|business intel eng (1year ftc), supply chain eu scot|london, england, united kingdom|https://www.linkedin.com/jobs/view/4443024595
amazon|strategic supply and demand planner - grocery ftc, amazon eu fresh and perishable grocery instock|manchester, england, united kingdom|https://www.linkedin.com/jobs/view/4443048597
amazon|strategic supply and demand planner - grocery ftc, amazon eu fresh and perishable grocery instock|london, england, united kingdom|https://www.linkedin.com/jobs/view/4443054377
amazon|program manager, last mile speed|london, england, united kingdom|https://www.linkedin.com/jobs/view/4447041948
amazon|sr program lead, dsp payments|london, england, united kingdom|https://www.linkedin.com/jobs/view/4443045481
amazon|operations supervisor, quick commerce|london, england, united kingdom|https://www.linkedin.com/jobs/view/4443027514
amazon|operations supervisor, quick commerce|london, england, united kingdom|https://www.linkedin.com/jobs/view/4443021919
amazon|supply chain manager, amazon r2l intl supply chain|london, england, united kingdom|https://www.linkedin.com/jobs/view/4443038868
amazon|operations supervisor, quick commerce|london, england, united kingdom|https://www.linkedin.com/jobs/view/4443023798
amazon|supply chain manager (fulfilment), int supply chain grocery execution|london, england, united kingdom|https://www.linkedin.com/jobs/view/4446843091
amazon|data scientist, network planning optimization world wide, supply chain optimization technology|london, england, united kingdom|https://www.linkedin.com/jobs/view/4443037370
amazon|operations supervisor, quick commerce|birmingham, england, united kingdom|https://www.linkedin.com/jobs/view/4443031665
amazon|operations supervisor, quick commerce|london, england, united kingdom|https://www.linkedin.com/jobs/view/4443062052
amazon|process analyst, eu central operations analytics|barcelona, catalonia, spain|https://www.linkedin.com/jobs/view/4443063025
amazon web services (aws)|senior pricing analyst, aws monetization|berlin, germany|https://www.linkedin.com/jobs/view/4443061028
amazon|operations supervisor|berlin, germany|https://www.linkedin.com/jobs/view/4446352170
amazon|operations supervisor|berlin, germany|https://www.linkedin.com/jobs/view/4447044928
amazon|payments program manager, payments business operations-partner management|berlin, germany|https://www.linkedin.com/jobs/view/4443023850
amazon|area manager|berlin, germany|https://www.linkedin.com/jobs/view/4443060153
amazon science|applied scientist, amazon compliance and safety services|bucharest, bucharest, romania|https://www.linkedin.com/jobs/view/4433911186
amazon|system development engineer , coss|bucharest, bucharest, romania|https://www.linkedin.com/jobs/view/4443047079
7-eleven vietnam|junior business analyst|sector 2, bucharest, romania|https://www.linkedin.com/jobs/view/4431097078
amdaris|business analyst|bucharest metropolitan area, worldwide|https://www.linkedin.com/jobs/view/4440563844
mega image - ahold delhaize group|business analyst (warehouse)|popeşti-leordeni, ilfov, romania|https://www.linkedin.com/jobs/view/4446763461
amazon|software development manager, buyer safety experience|bucharest, bucharest, romania|https://www.linkedin.com/jobs/view/4443029998
apple|logistics analyst - 18 month|cork, county cork, ireland|https://www.linkedin.com/jobs/view/4427792093
apple|business process re-engineer|cork, county cork, ireland|https://www.linkedin.com/jobs/view/4446762655
amazon|sr program manager, global finance transformation (gft)|cork, county cork, ireland|https://www.linkedin.com/jobs/view/4443037504
apple|supply demand planner - 18 months contract|cork, county cork, ireland|https://www.linkedin.com/jobs/view/4444298086
amazon|graduate area manager - sosnowiec|sosnowiec, śląskie, poland|https://www.linkedin.com/jobs/view/4443037719
google|business analyst|cracow, małopolskie, poland|https://www.linkedin.com/jobs/view/4446098524
amazon|technik utrzymania ruchu i infrastruktury|katowice, śląskie, poland|https://www.linkedin.com/jobs/view/4443029745
amazon|lider zespołu utrzymania ruchu i infrastruktury|katowice, śląskie, poland|https://www.linkedin.com/jobs/view/4443035488
amazon|lider zespołu utrzymania ruchu i infrastruktury|sosnowiec, śląskie, poland|https://www.linkedin.com/jobs/view/4443037446
amazon|technik utrzymania ruchu i infrastruktury|sosnowiec, śląskie, poland|https://www.linkedin.com/jobs/view/4443033667
amazon web services (aws)|technical program manager, networking operational excellence|dublin, county dublin, ireland|https://www.linkedin.com/jobs/view/4443045663
amazon|telecommunication program manager, network delivery team|dublin, county dublin, ireland|https://www.linkedin.com/jobs/view/4443037463
amazon|operations supervisor|glasgow, scotland, united kingdom|https://www.linkedin.com/jobs/view/4443037392
amazon|operations supervisor|glasgow, scotland, united kingdom|https://www.linkedin.com/jobs/view/4443048376
amazon|graduate ops area/shift manager - uk , amazon operations|dundee, scotland, united kingdom|https://www.linkedin.com/jobs/view/4443051277
amazon|area manager, ddd1|dundee, scotland, united kingdom|https://www.linkedin.com/jobs/view/4443050532
amazon|software development engineer – 2026|edinburgh, scotland, united kingdom|https://www.linkedin.com/jobs/view/4443043289
amazon|its network eng i (omc) - l4, operations management center (omc), omc|edinburgh, scotland, united kingdom|https://www.linkedin.com/jobs/view/4443044383
amazon|process/design engineer amazon logistics, eu design engineering|greater edinburgh area, worldwide|https://www.linkedin.com/jobs/view/4443041396
amazon|software development engineer, amazon ads creativex|edinburgh, scotland, united kingdom|https://www.linkedin.com/jobs/view/4447062898
amazon|applied scientist, demand tech, amazon ads|greater edinburgh area, worldwide|https://www.linkedin.com/jobs/view/4443015965
amazon|infraops network engineer ii, operations management center (omc)|edinburgh, scotland, united kingdom|https://www.linkedin.com/jobs/view/4447053873
amazon|area manager|grolsheim, rhineland-palatinate, germany|https://www.linkedin.com/jobs/view/4446823836
amazon|graduate logistik manager - mannheim|frankenthal, rhineland-palatinate, germany|https://www.linkedin.com/jobs/view/4443058049
amazon web services (aws)|security assurance specialist|frankfurt rhine-main metropolitan area, worldwide|https://www.linkedin.com/jobs/view/4443035882
amazon|senior video sales specialist, amazon advertising|frankfurt rhine-main metropolitan area, worldwide|https://www.linkedin.com/jobs/view/4443027612
amazon|lagermitarbeiter (m/w/d) - frankfurt am main|raunheim, hesse, germany|https://www.linkedin.com/jobs/view/4443042058
amazon|sortiermitarbeiter (m/w/d) - mannheim|mannheim, baden-württemberg, germany|https://www.linkedin.com/jobs/view/4443025340
amazon web services (aws)|data center project manager , critical projects implementation team|frankfurt, hesse, germany|https://www.linkedin.com/jobs/view/4443706315
amazon|sortiermitarbeiter (m/w/d) - 79395 neuenburg am rhein|ludwigshafen, rhineland-palatinate, germany|https://www.linkedin.com/jobs/view/4443024580
amazon|bereichsleiter:in/abteilungsleiter:in logistik - frnakenthal, lead (m/w/d)|mannheim, baden-württemberg, germany|https://www.linkedin.com/jobs/view/4443043253
amazon web services (aws)|global solutions architect, automotive & manufacturing, automotive&manufacturing emea sa|gothenburg, västra götaland county, sweden|https://www.linkedin.com/jobs/view/4443064012
amazon web services (aws)|global solutions architect, automotive & manufacturing, automotive&manufacturing emea sa|gothenburg, västra götaland county, sweden|https://www.linkedin.com/jobs/view/4443036674
amazon|graduate logistik manager - raum hamburg, customer fulfillment|hamburg, hamburg, germany|https://www.linkedin.com/jobs/view/4443039909
amazon|graduate shift manager:in near hamburg|nützen, schleswig-holstein, germany|https://www.linkedin.com/jobs/view/4443047544
amazon|graduate shift manager:in for bad oldesloe|bad oldesloe, schleswig-holstein, germany|https://www.linkedin.com/jobs/view/4443971315
amazon|sortiermitarbeiter (m/w/d) - hamburg|hamburg, hamburg, germany|https://www.linkedin.com/jobs/view/4443043691
amazon|3pl manager de, eu cf flex & specialty|estorf, lower saxony, germany|https://www.linkedin.com/jobs/view/4443063004
amazon|amazon versand-/lagermitarbeiter (m/w/d) - winsen (luhe)|winsen, lower saxony, germany|https://www.linkedin.com/jobs/view/4443020668
amazon|whs coordinator|winsen, lower saxony, germany|https://www.linkedin.com/jobs/view/4443519823
picnic technologies|logistics & analytics projects - mid-level (m/w/d)|hamburg, hamburg, germany|https://www.linkedin.com/jobs/view/4422995593
deloitte|business analyst / consultant cloud integration (m/w/d) in hamburg|hamburg, hamburg, germany|https://www.linkedin.com/jobs/view/4243060924
amazon|operations lead|horn-bad meinberg, north rhine-westphalia, germany|https://www.linkedin.com/jobs/view/4444223894
amazon|graduate shift manager:in for hannover|hannover, lower saxony, germany|https://www.linkedin.com/jobs/view/4443050036
amazon|area manager , fulfillment center|horn-bad meinberg, north rhine-westphalia, germany|https://www.linkedin.com/jobs/view/4443049643
amazon|change manager:in|salzgitter, lower saxony, germany|https://www.linkedin.com/jobs/view/4443033839
amazon|teamleiter logistik|garbsen, lower saxony, germany|https://www.linkedin.com/jobs/view/4443049617
amazon|graduate area manager - raum paderborn|horn-bad meinberg, north rhine-westphalia, germany|https://www.linkedin.com/jobs/view/4443037585
prime video & amazon mgm studios|distribution analyst, theatrical distribution, amazon mgm studios|london, england, united kingdom|https://www.linkedin.com/jobs/view/4443044006
amazon|alternance operations logistiques bac+3|satolas-et-bonce, auvergne-rhône-alpes, france|https://www.linkedin.com/jobs/view/4443975206
amazon|responsable d'équipe logistique junior|lyon, auvergne-rhône-alpes, france|https://www.linkedin.com/jobs/view/4443053146
amazon|responsable d'équipe logistique junior|satolas-et-bonce, auvergne-rhône-alpes, france|https://www.linkedin.com/jobs/view/4443044621
amazon|3pl manager, 3p mmn|satolas-et-bonce, auvergne-rhône-alpes, france|https://www.linkedin.com/jobs/view/4443041961
amazon|responsable d'equipe logistique (h/f)|lyon, auvergne-rhône-alpes, france|https://www.linkedin.com/jobs/view/4443047498
amaris consulting|business analyst - f/h/x|lyon, auvergne-rhône-alpes, france|https://www.linkedin.com/jobs/view/4328822670
amazon|responsable d’equipe logistique (h/f)|satolas-et-bonce, auvergne-rhône-alpes, france|https://www.linkedin.com/jobs/view/4443036391
amazon|business intelligence engineer, strategic account services|madrid, community of madrid, spain|https://www.linkedin.com/jobs/view/4446341893
amazon|process improvement specialist - concessions execution amxl eu, amxl eu aces & concessions|getafe, community of madrid, spain|https://www.linkedin.com/jobs/view/4443029921
amazon|marketplace consultant - spanish speaker, es 3p strategic account services|madrid, community of madrid, spain|https://www.linkedin.com/jobs/view/4443036168
amazon|senior business intelligence engineer, eu stores cx analytics & automation|madrid, community of madrid, spain|https://www.linkedin.com/jobs/view/4443027814
prime video & amazon mgm studios|senior strategy & operations analyst, prime video global marketing operations, gss|madrid, community of madrid, spain|https://www.linkedin.com/jobs/view/4443012900
amazon|area manager|manchester, england, united kingdom|https://www.linkedin.com/jobs/view/4443038357
amazon|area manager|manchester, england, united kingdom|https://www.linkedin.com/jobs/view/4443047461
amazon|area manager|doncaster, england, united kingdom|https://www.linkedin.com/jobs/view/4443038510
amazon|tax data manager, global tax services|manchester, england, united kingdom|https://www.linkedin.com/jobs/view/4443032575
amazon|area manager|liverpool, england, united kingdom|https://www.linkedin.com/jobs/view/4443032980
amazon|area manager, customer fulfillment|doncaster, england, united kingdom|https://www.linkedin.com/jobs/view/4443029492
amazon|area manager, customer fulfillment|doncaster, england, united kingdom|https://www.linkedin.com/jobs/view/4443038222
amazon|area manager|bolton, england, united kingdom|https://www.linkedin.com/jobs/view/4443050169
amazon|manager, instock management, amazon eu fresh and perishable grocery instock|manchester, england, united kingdom|https://www.linkedin.com/jobs/view/4444746886
amazon|area manager, fc operations|alessandria, piedmont, italy|https://www.linkedin.com/jobs/view/4443043484
amazon|graduate area/shift manager - lombardia|origgio, lombardy, italy|https://www.linkedin.com/jobs/view/4443027689
amazon|ontologist, product knowledge ontology|munich, bavaria, germany|https://www.linkedin.com/jobs/view/4443046474
amazon|programmatic solutions consultant , amazon|munich, bavaria, germany|https://www.linkedin.com/jobs/view/4443705363
amazon|programmatic solutions consultant , amazon|munich, bavaria, germany|https://www.linkedin.com/jobs/view/4443034809
amazon|programmatic solutions consultant , amazon|munich, bavaria, germany|https://www.linkedin.com/jobs/view/4443055419
amazon|sr. payroll analyst|munich, bavaria, germany|https://www.linkedin.com/jobs/view/4443041545
amazon|alternance operations logistiques bac+5|angerville, île-de-france, france|https://www.linkedin.com/jobs/view/4443030959
amazon|associate account manager, amazon vendor services|clichy, île-de-france, france|https://www.linkedin.com/jobs/view/4443036819
amazon|strategic supply chain manager, eu consumables|clichy, île-de-france, france|https://www.linkedin.com/jobs/view/4443025515
amazon|senior consultant, proserve|clichy, île-de-france, france|https://www.linkedin.com/jobs/view/4443040638
amazon|import logistics specialist, global logistics|prague, prague, worldwide|https://www.linkedin.com/jobs/view/4443064024
amazon|finance analyst with spanish, finops|prague, prague, worldwide|https://www.linkedin.com/jobs/view/4443030517
amazon|accs quality auditor, accs quality|prague, prague, worldwide|https://www.linkedin.com/jobs/view/4443027826
amazon|graduate area manager - 2026 start date, ob|dobrovíz, central bohemia, worldwide|https://www.linkedin.com/jobs/view/4443050557
amazon|risk mitigation inspection specialist , global processes|prague, prague, worldwide|https://www.linkedin.com/jobs/view/4443035826
amazon|payroll analyst - tur|prague, prague, worldwide|https://www.linkedin.com/jobs/view/4447221415
amazon web services (aws)|technical account manager, independent software vendors, emea central, aws enterprise support|prague, prague, worldwide|https://www.linkedin.com/jobs/view/4443033742
amazon|graduate area/shift manager - rome|passo corese, latium, italy|https://www.linkedin.com/jobs/view/4443032172
amazon|logistics area manager, fc operations|passo corese, latium, italy|https://www.linkedin.com/jobs/view/4443027745
amazon|operations manager, customer fulfillment|passo corese, latium, italy|https://www.linkedin.com/jobs/view/4443019979
amazon|area manager, fc operations, fulfillment & operations management|colleferro, latium, italy|https://www.linkedin.com/jobs/view/4443046278
amazon|sr. eu process engineer (h/f), eu process engineering network experts team (eupe net)|passo corese, latium, italy|https://www.linkedin.com/jobs/view/4443975149
amazon|apprendistato in ambito salute e sicurezza sui luoghi di lavoro (whs technician apprentice), whs|colleferro, latium, italy|https://www.linkedin.com/jobs/view/4445649055
amazon web services (aws)|customer solutions manager - protected categories (l.68/99 art.1)|rome, latium, italy|https://www.linkedin.com/jobs/view/4443026805
amazon web services (aws)|delivery consultant - security, risk, and compliance, aws professional services|rome, latium, italy|https://www.linkedin.com/jobs/view/4443051050
amazon web services (aws)|account manager, isv, isv & saas segment|stockholm, stockholm county, sweden|https://www.linkedin.com/jobs/view/4444483301
amazon|programa de aprendizaje mecatrónica y mantenimiento industrial (contrato de formación en alternancia)|onda, valencian community, spain|https://www.linkedin.com/jobs/view/4443043858
amazon|software development engineer, amazon|warsaw, mazowieckie, poland|https://www.linkedin.com/jobs/view/4447213537
amazon web services (aws)|senior customer success specialist - gen ai, customer success center of excellence|warsaw, mazowieckie, poland|https://www.linkedin.com/jobs/view/4443032434
amazon web services (aws)|engagement manager, aws generative ai innovation center|warsaw, mazowieckie, poland|https://www.linkedin.com/jobs/view/4443047714
google|business analyst|warsaw, mazowieckie, poland|https://www.linkedin.com/jobs/view/4446417485
amazon|executive assistant to rme director, rme eu|kraków, mazowieckie, poland|https://www.linkedin.com/jobs/view/4443038456
amazon|area manager, early career (2027) – canada|st thomas, ontario, canada|https://www.linkedin.com/jobs/view/4446169401
amazon|area manager ii|st thomas, ontario, canada|https://www.linkedin.com/jobs/view/4443040688
amazon|whs specialist|st thomas, ontario, canada|https://www.linkedin.com/jobs/view/4443033134
amazon|onsite medical representative|st thomas, ontario, canada|https://www.linkedin.com/jobs/view/4443030182
amazon|process impr. specialist, gox - ops excellence|luxembourg, luxembourg, luxembourg|https://www.linkedin.com/jobs/view/4443040154
amazon|program manager, eu inbound & inventory placement operations|luxembourg, luxembourg, luxembourg|https://www.linkedin.com/jobs/view/4443043696
amazon|fleet data manager (fixed-term contract)|luxembourg, luxembourg, luxembourg|https://www.linkedin.com/jobs/view/4447220455
amazon|last mile network control analyst, eu step tno - lm nc|luxembourg, luxembourg, luxembourg|https://www.linkedin.com/jobs/view/4443022572
amazon|inventory planner – eu logistics capacity management, eu trans s&op|barcelona, catalonia, spain|https://www.linkedin.com/jobs/view/4443029990
amazon|inventory planner – eu logistics capacity management, eu trans s&op|barcelona, catalonia, spain|https://www.linkedin.com/jobs/view/4443022943
amazon|program manager, eu step iipo carrier management team|luxembourg, luxembourg, luxembourg|https://www.linkedin.com/jobs/view/4443041101
amazon|station process excellence mgr, meu process excellence|ettenheim, baden-württemberg, germany|https://www.linkedin.com/jobs/view/4446838188
amazon|logistics scheduler, intra-week volume planning|barcelona, catalonia, spain|https://www.linkedin.com/jobs/view/4443036201
amazon|alternance operations logistiques bac+3|centre-val de loire, france|https://www.linkedin.com/jobs/view/4443052198
amazon|site process expert, eusc process excellence|lille, hauts-de-france, france|https://www.linkedin.com/jobs/view/4443029752
amazon|shift manager|wenden, north rhine-westphalia, germany|https://www.linkedin.com/jobs/view/4443057254
amazon|temporary role - strategic supply chain manager, eu hardlines|munich, bavaria, germany|https://www.linkedin.com/jobs/view/4443042086
amazon|shift manager - magdeburg|magdeburg, saxony-anhalt, germany|https://www.linkedin.com/jobs/view/4443042763
amazon|graduate shift manager - near münchen|moosburg, bavaria, germany|https://www.linkedin.com/jobs/view/4444755722
amazon|graduate logistik manager - werne|werne an der lippe, north rhine-westphalia, germany|https://www.linkedin.com/jobs/view/4443035379
amazon|graduate shift manager - bayern area|oerlenbach, bavaria, germany|https://www.linkedin.com/jobs/view/4443049328
amazon|3pl manager, external fulfillment eu|munich, bavaria, germany|https://www.linkedin.com/jobs/view/4444485226
amazon|graduate logistik manager - oelde, nrw|oelde, north rhine-westphalia, germany|https://www.linkedin.com/jobs/view/4443049689
amazon|shift manager - ettenheim, baden-württemberg|freiburg, baden-württemberg, germany|https://www.linkedin.com/jobs/view/4443050566
amazon|amazon fulfillment associate (m/f/d) - leipzig|leipzig, saxony, germany|https://www.linkedin.com/jobs/view/4446347441
amazon|operations manager:in - köln|aachen, north rhine-westphalia, germany|https://www.linkedin.com/jobs/view/4443044031
amazon|product manager ii - tech, global risk audit management – transportation (gram-t) tech|luxembourg, luxembourg, luxembourg|https://www.linkedin.com/jobs/view/4443024718
amazon|area manager|kaiserslautern, rhineland-palatinate, germany|https://www.linkedin.com/jobs/view/4443057247
amazon|area manager|kaiserslautern, rhineland-palatinate, germany|https://www.linkedin.com/jobs/view/4444995950
amazon|amazon fulfilment associate (m/w/d) - graben|graben, bavaria, germany|https://www.linkedin.com/jobs/view/4443039324
amazon|area manager|kaiserslautern, rhineland-palatinate, germany|https://www.linkedin.com/jobs/view/4445201867
amazon|ux designer, eu intech|madrid, community of madrid, spain|https://www.linkedin.com/jobs/view/4446169402
amazon|graduate shift manager:in near madgeburg, shift manager|magdeburg, saxony-anhalt, germany|https://www.linkedin.com/jobs/view/4443029424
amazon|logistik koordinator , customer fulfillment flex (cf flex)|ansbach, bavaria, germany|https://www.linkedin.com/jobs/view/4443055224
amazon|shift manager - erding bie munich|erding, bavaria, germany|https://www.linkedin.com/jobs/view/4443041839
amazon|graduate logistik manager - nittenau bei regensburg|nittenau, bavaria, germany|https://www.linkedin.com/jobs/view/4443041883
amazon|graduate area manager - contwig, rheinland-pfalz|contwig, rhineland-palatinate, germany|https://www.linkedin.com/jobs/view/4443046682
amazon|graduate area manager:in near ulm|heidenheim an der brenz, baden-württemberg, germany|https://www.linkedin.com/jobs/view/4443055202
amazon|area manager:in|werne an der lippe, north rhine-westphalia, germany|https://www.linkedin.com/jobs/view/4444476406
amazon|operations manager:in - köln|euskirchen, north rhine-westphalia, germany|https://www.linkedin.com/jobs/view/4443043080
amazon web services (aws)|ai strategist, generative ai innovation center|courbevoie, île-de-france, france|https://www.linkedin.com/jobs/view/4443050030
amazon|graduate shift manager:in near cloppenburg, shift manager|cloppenburg, lower saxony, germany|https://www.linkedin.com/jobs/view/4443039659
amazon|quality audit manager, amazon general intelligence quality|gdansk metropolitan area, worldwide|https://www.linkedin.com/jobs/view/4443041090
amazon|sortation associate (m/f/d) - berlin|berlin, germany|https://www.linkedin.com/jobs/view/4443024389
amazon|graduate logistik manager - raum magdeburg, operations - customer fulfillment|sülzetal, saxony-anhalt, germany|https://www.linkedin.com/jobs/view/4443056069
amazon|area/shift manager - paderborn, nrw|paderborn, north rhine-westphalia, germany|https://www.linkedin.com/jobs/view/4443037964
amazon|logistics manager - oelde|oelde, north rhine-westphalia, germany|https://www.linkedin.com/jobs/view/4443038905
amazon|senior financial analyst, deu marketplace|munich, bavaria, germany|https://www.linkedin.com/jobs/view/4443045476
amazon|operations manager|heidenheim an der brenz, baden-württemberg, germany|https://www.linkedin.com/jobs/view/4443029456
amazon|logistik manager (m/w/d) - cottbus|magdeburg, saxony-anhalt, germany|https://www.linkedin.com/jobs/view/4443044803
amazon|rad area manager|oberkrämer, brandenburg, germany|https://www.linkedin.com/jobs/view/4443056062
amazon web services (aws)|account manager, aws startups, germany|berlin, berlin, germany|https://www.linkedin.com/jobs/view/4446168373
amazon|area manager - hannover|garbsen, lower saxony, germany|https://www.linkedin.com/jobs/view/4443064092
amazon|graduate shift manager:in near potsdam, shift manager|werder, brandenburg, germany|https://www.linkedin.com/jobs/view/4443025764
amazon|operations manager|cloppenburg, lower saxony, germany|https://www.linkedin.com/jobs/view/4443060149
amazon|new accounts manager, new seller success|berlin, berlin, germany|https://www.linkedin.com/jobs/view/4444754722
amazon|graduate shift manager:in near trier, shift manager|trierweiler, rhineland-palatinate, germany|https://www.linkedin.com/jobs/view/4443032281
amazon|graduate logistik manager - raum oldenburg|lower saxony, germany|https://www.linkedin.com/jobs/view/4443038860
amazon|graduate shift manager:in near detmold, shift manager|horn-bad meinberg, north rhine-westphalia, germany|https://www.linkedin.com/jobs/view/4443032491
amazon|associate account manager, amazon vendor services - protected categories (l. 68/99)|milan, lombardy, italy|https://www.linkedin.com/jobs/view/4443017869
amazon|investigation specialist, sepo|poland|https://www.linkedin.com/jobs/view/4443307712
amazon|area manager / kierownik obszaru|bielany wrocławskie, dolnośląskie, poland|https://www.linkedin.com/jobs/view/4443036061
amazon|logistik manager (m/w/d) - cottbus|potsdam, brandenburg, germany|https://www.linkedin.com/jobs/view/4443057226
amazon|operations manager|bochum, north rhine-westphalia, germany|https://www.linkedin.com/jobs/view/4443038614
amazon|loss prevention specialist|aachen, north rhine-westphalia, germany|https://www.linkedin.com/jobs/view/4443050025
amazon|eucf pe: site process engineer, eu pe team, eucf pe team|erfurt, thuringia, germany|https://www.linkedin.com/jobs/view/4446359088
amazon|schichtleiter:in / abteilungsleiter:in / teamleiter:in / lieferkettenmanager:in - dortmund, nordrhein-westfalen|bochum, north rhine-westphalia, germany|https://www.linkedin.com/jobs/view/4443028324
amazon|transportation area manager|contwig, rhineland-palatinate, germany|https://www.linkedin.com/jobs/view/4443034658
amazon|graduate area manager - raum ulm, shift manager|heidenheim an der brenz, baden-württemberg, germany|https://www.linkedin.com/jobs/view/4443035071
amazon|kierownik obszaru / area manager|bielany wrocławskie, dolnośląskie, poland|https://www.linkedin.com/jobs/view/4443051317
amazon|software builder, builder ops|gdansk metropolitan area, worldwide|https://www.linkedin.com/jobs/view/4444751696
amazon|operations manager:in logistik|kaiserslautern, rhineland-palatinate, germany|https://www.linkedin.com/jobs/view/4443041970
amazon|transportation audit & compliance specialist, transportation risk and compliance (trc)|berlin, berlin, germany|https://www.linkedin.com/jobs/view/4443019671
amazon|area manager - hof, bayern|gattendorf, bavaria, germany|https://www.linkedin.com/jobs/view/4443051452
amazon|sortiermitarbeiter (m/w/d) - munchen|munich, bavaria, germany|https://www.linkedin.com/jobs/view/4443031283
amazon|area manager - helmstedt, niedersachsen|helmstedt, lower saxony, germany|https://www.linkedin.com/jobs/view/4443035877
amazon|logistik koordinator , vendor flex|eslarn, bavaria, germany|https://www.linkedin.com/jobs/view/4443043786
amazon|graduate area/shift manager - veneto|vicenza, veneto, italy|https://www.linkedin.com/jobs/view/4443047428
amazon|graduate area/shift manager emilia-romagna|parma, emilia-romagna, italy|https://www.linkedin.com/jobs/view/4443048470
amazon|program manager, same day scaling business, sd & 3p, same day - vespa|luxembourg, luxembourg, luxembourg|https://www.linkedin.com/jobs/view/4443029338
amazon web services (aws)|account manager, aws startups, germany|munich, bavaria, germany|https://www.linkedin.com/jobs/view/4446161496
amazon|graduate area/shift manager - veneto|riese pio x, veneto, italy|https://www.linkedin.com/jobs/view/4443037859
amazon|sortiermitarbeiter (m/w/d) - stuttgart|korntal-münchingen, baden-württemberg, germany|https://www.linkedin.com/jobs/view/4443031119
amazon|account executive (es), global growth sales, amazon ads|madrid, community of madrid, spain|https://www.linkedin.com/jobs/view/4443036932
amazon|operations manager:in logistik|saarburg, rhineland-palatinate, germany|https://www.linkedin.com/jobs/view/4443046586
amazon|bereichsleiter:in logistik|cloppenburg, lower saxony, germany|https://www.linkedin.com/jobs/view/4443042540
amazon|lagermitarbeiter (m/w/d) - erfurt|erfurt, thuringia, germany|https://www.linkedin.com/jobs/view/4443037203
amazon|loss prevention specialist|greater dusseldorf area, worldwide|https://www.linkedin.com/jobs/view/4443045264
amazon|area manager, operations|zaragoza, aragon, spain|https://www.linkedin.com/jobs/view/4443042535
amazon|eu operations area manager , eu amzl - central operations speed team|barcelona, catalonia, spain|https://www.linkedin.com/jobs/view/4443035234
amazon|graduate area/shift manager - abruzzo|san giovanni teatino, abruzzi, italy|https://www.linkedin.com/jobs/view/4443031707
amazon|area manager, bcn1 operations|barcelona, catalonia, spain|https://www.linkedin.com/jobs/view/4443031395
amazon web services (aws)|aws marketplace specialist, aws marketplace specialists|bordeaux, nouvelle-aquitaine, france|https://www.linkedin.com/jobs/view/4443020564
amazon web services (aws)|security assurance specialist|munich, bavaria, germany|https://www.linkedin.com/jobs/view/4443034905
amazon|researcher, southern europe, amazon studios consumer insights|clichy, île-de-france, france|https://www.linkedin.com/jobs/view/4443020569
amazon|sortiermitarbeiter (m/f/d) – bremen|bremen, bremen, germany|https://www.linkedin.com/jobs/view/4443036052
amazon|sortiermitarbeiter (m/w/d) – leipzig/halle|leipzig, saxony, germany|https://www.linkedin.com/jobs/view/4443027242
amazon|responsable d'équipe logistique junior|paris, île-de-france, france|https://www.linkedin.com/jobs/view/4443050371
amazon|marketplace consultant - eu expansion (bulgarian-speaking)|berlin, berlin, germany|https://www.linkedin.com/jobs/view/4443041625
amazon|kierownik obszaru / area manager, operations|dobromierz, dolnośląskie, poland|https://www.linkedin.com/jobs/view/4443035522
amazon|graduate area/shift manager emilia-romagna|rovigo, veneto, italy|https://www.linkedin.com/jobs/view/4443044734
amazon|sortation associate (m/f/d) - 34466 wolfhagen|wolfhagen, hesse, germany|https://www.linkedin.com/jobs/view/4443045374
amazon|operations manager - nachtschicht|troisdorf, north rhine-westphalia, germany|https://www.linkedin.com/jobs/view/4443055398
amazon|area manager, fc operations|castel san giovanni, emilia-romagna, italy|https://www.linkedin.com/jobs/view/4443035359
amazon|customer service delivery liaison , dsl|kaiserslautern, rhineland-palatinate, germany|https://www.linkedin.com/jobs/view/4443031539
amazon|responsable d'équipe logistique junior|woippy, grand est, france|https://www.linkedin.com/jobs/view/4443052441
amazon|logistikleitung/bereichsleitung|neubrandenburg, mecklenburg-west pomerania, germany|https://www.linkedin.com/jobs/view/4443023650
amazon|spezialist/in für arbeitssicherheit|ulm, baden-württemberg, germany|https://www.linkedin.com/jobs/view/4443030035
amazon|lagermitarbeiter (m/w/d) - freiburg|freiburg, baden-württemberg, germany|https://www.linkedin.com/jobs/view/4443022687
amazon|it support engineer i|gera, thuringia, germany|https://www.linkedin.com/jobs/view/4443056206
amazon|assistant logistique de stock externalisé - brie-comte- robert (77)|saran, centre-val de loire, france|https://www.linkedin.com/jobs/view/4443045144
amazon|responsable d'équipe logistique junior|augny, grand est, france|https://www.linkedin.com/jobs/view/4443048614
amazon|operations supervisor - contratto a tempo determinato 12 mesi|peschiera, lombardy, italy|https://www.linkedin.com/jobs/view/4444469746
amazon|logistics area manager, fc operations|torrazza piemonte, piedmont, italy|https://www.linkedin.com/jobs/view/4443042978
amazon|account executive , amazon ads blx|amsterdam, north holland, netherlands|https://www.linkedin.com/jobs/view/4443010865
amazon|it support technician|vercelli, piedmont, italy|https://www.linkedin.com/jobs/view/4443057325
amazon science|applied scientist|berlin, berlin, germany|https://www.linkedin.com/jobs/view/4427327671
amazon|ai data associate (dutch) , artificial general intelligence data services|the hague, south holland, netherlands|https://www.linkedin.com/jobs/view/4443047324
amazon|it support technician|novara, piedmont, italy|https://www.linkedin.com/jobs/view/4443024916
amazon|ai data associate with dutch, artificial general intelligence data services|the hague, south holland, netherlands|https://www.linkedin.com/jobs/view/4443027602
prime video & amazon mgm studios|film studio brand specialist (m/w/d) , prime video store|munich, bavaria, germany|https://www.linkedin.com/jobs/view/4443021958
amazon|graduate area/shift manager friuli-venezia giulia|greater udine metropolitan area, worldwide|https://www.linkedin.com/jobs/view/4443022431
amazon|whs specialist, workplace health and safety|helmstedt, lower saxony, germany|https://www.linkedin.com/jobs/view/4443028667
amazon|senior video sales specialist, amazon advertising|berlin, berlin, germany|https://www.linkedin.com/jobs/view/4443020988
amazon|abteilungsleiter / area manager logistik (m/w/d) - gera|gera, thuringia, germany|https://www.linkedin.com/jobs/view/4445201865
amazon|area manager, amazon logistics|valkenswaard, north brabant, netherlands|https://www.linkedin.com/jobs/view/4443044760
amazon|area manager, amazon logistics|valkenswaard, north brabant, netherlands|https://www.linkedin.com/jobs/view/4444427547
amazon|logistik manager (m/w/d) - cottbus|berlin, berlin, germany|https://www.linkedin.com/jobs/view/4443043809
amazon|responsable d'équipe logistique junior|senlis, hauts-de-france, france|https://www.linkedin.com/jobs/view/4443045624
amazon web services (aws)|technical account manager, es - emea - south|milan, lombardy, italy|https://www.linkedin.com/jobs/view/4443026521
amazon|eucf pe: site process engineer, eu pe team, eucf pe team|lower saxony, germany|https://www.linkedin.com/jobs/view/4443054102
amazon|senior financial analyst, worldwide operations security finance|luxembourg, luxembourg, luxembourg|https://www.linkedin.com/jobs/view/4443703443
amazon|area manager, amazon logistik, sort center field - fix (l5)|witten, north rhine-westphalia, germany|https://www.linkedin.com/jobs/view/4443027331
amazon|process/design engineer amazon logistics, eu design engineering|munich, bavaria, germany|https://www.linkedin.com/jobs/view/4443047644
amazon|sr. technical program manager, community feedback|berlin, germany|https://www.linkedin.com/jobs/view/4443033708
amazon|operations supervisor - contratto a tempo determinato|buccinasco, lombardy, italy|https://www.linkedin.com/jobs/view/4443037665
amazon|responsable d'équipe logistique junior|rivesaltes, occitanie, france|https://www.linkedin.com/jobs/view/4443038944
amazon|sortiermitarbeiter (m/w/d) - 45141 essen|essen, north rhine-westphalia, germany|https://www.linkedin.com/jobs/view/4443018647
amazon|finance manager, eu amxl|luxembourg, luxembourg, luxembourg|https://www.linkedin.com/jobs/view/4443027687
amazon|area manager / abteilungsleiter logistik (all genders)|werne an der lippe, north rhine-westphalia, germany|https://www.linkedin.com/jobs/view/4443058244
amazon|eucf pe: site process engineer, eu pe team, eucf pe team|achim, lower saxony, germany|https://www.linkedin.com/jobs/view/4443045830
amazon|principal product manager, technical, amazon fulfillment technologies - external fulfillment|luxembourg, luxembourg, luxembourg|https://www.linkedin.com/jobs/view/4443021929
amazon|responsable d'equipe logistique (h/f)|annecy, auvergne-rhône-alpes, france|https://www.linkedin.com/jobs/view/4443054166
amazon|loss prevention specialist, wwos|okmiany, dolnośląskie, poland|https://www.linkedin.com/jobs/view/4443054236
amazon|area manager, ats sort center|spilamberto, emilia-romagna, italy|https://www.linkedin.com/jobs/view/4446161517
amazon|abteilungsleiter:in logistik|trierweiler, rhineland-palatinate, germany|https://www.linkedin.com/jobs/view/4443029584
amazon|amazon versand-/lagermitarbeiter (m/w/d) - ettenheim|ettenheim, baden-württemberg, germany|https://www.linkedin.com/jobs/view/4443031186
amazon|responsable d'équipe logistique junior|brétigny-sur-orge, île-de-france, france|https://www.linkedin.com/jobs/view/4443055187
amazon|assistant logistique de stock externalisé - montpellier (34000)|saran, centre-val de loire, france|https://www.linkedin.com/jobs/view/4445265490
amazon|fr process engineer, amazon logistics|clichy, île-de-france, france|https://www.linkedin.com/jobs/view/4443029801
amazon|senior business partner — operations central functions , employee experience & relations|munich, bavaria, germany|https://www.linkedin.com/jobs/view/4445987831
amazon|betriebsleiter / operations manager logistik (m/w/d) - messkirch|ulm, baden-württemberg, germany|https://www.linkedin.com/jobs/view/4443042495
amazon|area manager, worldwide operations|valkenswaard, north brabant, netherlands|https://www.linkedin.com/jobs/view/4443047634
amazon|senior program manager, eu ops concessions|luxembourg, luxembourg, luxembourg|https://www.linkedin.com/jobs/view/4443036649
amazon web services (aws)|aws solutions architect|milan, lombardy, italy|https://www.linkedin.com/jobs/view/4443047291
amazon|responsable d'équipe logistique junior|gauchy, hauts-de-france, france|https://www.linkedin.com/jobs/view/4444488106
amazon|it support manager|milan, lombardy, italy|https://www.linkedin.com/jobs/view/4443054043
amazon|software development engineer – 2026|dublin, county dublin, ireland|https://www.linkedin.com/jobs/view/4443008952
amazon|sr product manager, tech, chorus|luxembourg, luxembourg, luxembourg|https://www.linkedin.com/jobs/view/4443043031
amazon|area manager, rmu1|murcia, región de murcia, spain|https://www.linkedin.com/jobs/view/4443035243
amazon|3pl manager de, eu cf flex & specialty|garbsen, lower saxony, germany|https://www.linkedin.com/jobs/view/4443048481
amazon|software development engineer – 2026|madrid, community of madrid, spain|https://www.linkedin.com/jobs/view/4443057331
amazon|amazon versand-/lagermitarbeiter (m/w/d) - cottbus|cottbus, brandenburg, germany|https://www.linkedin.com/jobs/view/4443031116
amazon|amazon versand-/lagermitarbeiter (m/w/d) - gera|gera, thuringia, germany|https://www.linkedin.com/jobs/view/4443019784
amazon|cs delivery station liaison, delivery station liaison|borgstedt, schleswig-holstein, germany|https://www.linkedin.com/jobs/view/4443037525
amazon|senior financial analyst, eu operations fp&a|luxembourg, luxembourg, luxembourg|https://www.linkedin.com/jobs/view/4443020958
amazon|it support engineer|zaragoza, aragon, spain|https://www.linkedin.com/jobs/view/4443012861
amazon|operations manager / bereichsleiter:in operations|bad hersfeld, hesse, germany|https://www.linkedin.com/jobs/view/4443040519
amazon|operations manager:in logistik|leek, groningen, netherlands|https://www.linkedin.com/jobs/view/4443046588
amazon|sortiermitarbeiter (m/w/d) - koeln|troisdorf, north rhine-westphalia, germany|https://www.linkedin.com/jobs/view/4443033398
amazon|kierownik obszaru – kierownik logistyki / kierownik magazynu|dobromierz, dolnośląskie, poland|https://www.linkedin.com/jobs/view/4443061037
amazon|logistikleitung/ bereichsleitung|bremerhaven, bremen, germany|https://www.linkedin.com/jobs/view/4443026801
amazon|icqa lead, rlg1 icqa|dummerstorf, mecklenburg-west pomerania, germany|https://www.linkedin.com/jobs/view/4443056257
amazon|alternance ressources humaines bac+5|nantes, pays de la loire, france|https://www.linkedin.com/jobs/view/4443043599
amazon|health and safety specialist|verona, veneto, italy|https://www.linkedin.com/jobs/view/4443058136
amazon|it support eng i (ons)|milan, lombardy, italy|https://www.linkedin.com/jobs/view/4443044097
amazon|health and safety specialist|venice, veneto, italy|https://www.linkedin.com/jobs/view/4443051356
amazon|amazon versand-/lagermitarbeiter (m/w/d) - sülzetal|sülzetal, saxony-anhalt, germany|https://www.linkedin.com/jobs/view/4443042527
amazon|sortiermitarbeiter (m/w/d) - oerlenbach|oerlenbach, bavaria, germany|https://www.linkedin.com/jobs/view/4443029052
amazon|sortiermitarbeiter (m/w/d) - emsbueren|emsbüren, lower saxony, germany|https://www.linkedin.com/jobs/view/4443595534
amazon|sortiermitarbeiter (m/f/d) – 89231 neu-ulm|ulm, baden-württemberg, germany|https://www.linkedin.com/jobs/view/4443027095
amazon|operations manager / logistikleiter (m/w/d) - ettenheim|ettenheim, baden-württemberg, germany|https://www.linkedin.com/jobs/view/4443048532
amazon|inspektor ds. bhp|świebodzin, lubuskie, poland|https://www.linkedin.com/jobs/view/4443050460
amazon|senior financial analyst, global trade compliance|luxembourg, luxembourg, luxembourg|https://www.linkedin.com/jobs/view/4443057276
amazon web services (aws)|solutions architect, automotive and manufacturing|munich, bavaria, germany|https://www.linkedin.com/jobs/view/4444761392
amazon|health and safety specialist|castegnato, lombardy, italy|https://www.linkedin.com/jobs/view/4443042930
amazon|3pl manager, 3p mmn|clichy, île-de-france, france|https://www.linkedin.com/jobs/view/4447062885
amazon|bereichsleiter/abteilungsleiter logistik|sülzetal, saxony-anhalt, germany|https://www.linkedin.com/jobs/view/4443029971
amazon|applied scientist, amazon robotics|berlin, germany|https://www.linkedin.com/jobs/view/4444112895
amazon|sr data associate (nl), artificial general intelligence data services|the hague, south holland, netherlands|https://www.linkedin.com/jobs/view/4443017983
amazon|health and safety specialist|vicenza, veneto, italy|https://www.linkedin.com/jobs/view/4443059149
amazon|sortiermitarbeiter (m/f/d) – 86368 gersthofen|gersthofen, bavaria, germany|https://www.linkedin.com/jobs/view/4443018686
amazon|responsable d'équipe logistique (h/f)|beauvais, hauts-de-france, france|https://www.linkedin.com/jobs/view/4443038883
amazon|amazon versand-/lagermitarbeiter (m/w/d) - helmstedt|helmstedt, lower saxony, germany|https://www.linkedin.com/jobs/view/4443027841
amazon|responsable d'equipe logistique (h/f)|fontaine, bourgogne-franche-comté, france|https://www.linkedin.com/jobs/view/4443029614
amazon|sortiermitarbeiter (m/w/d) - wuppertal|wuppertal, north rhine-westphalia, germany|https://www.linkedin.com/jobs/view/4443024556
amazon|first deployment tech infrastructure program manager, rdpi - robotics delivery & packaging innovation|berlin, berlin, germany|https://www.linkedin.com/jobs/view/4443047136
amazon|responsable des operations logistiques (h/f)|centre-val de loire, france|https://www.linkedin.com/jobs/view/4443016919
amazon|bereichsleiter:in logistik - salzgitter|hannover-braunschweig-göttingen-wolfsburg region, worldwide|https://www.linkedin.com/jobs/view/4443049447
amazon|area manager / bereichsleiter / abteilungsleiter logistik (m/w/d) - ettenheim|freiburg, baden-württemberg, germany|https://www.linkedin.com/jobs/view/4443026786
amazon|responsable d'équipe logistique, opérations (h/f), amazon fulfillment center|illiers-combray, centre-val de loire, france|https://www.linkedin.com/jobs/view/4443967380
amazon|loss prevention expert, security & loss prevention|sülzetal, saxony-anhalt, germany|https://www.linkedin.com/jobs/view/4443517826
amazon|programme d'alternance ingénieur.e automatisme - niveau master|saran, centre-val de loire, france|https://www.linkedin.com/jobs/view/4443046437
amazon|betriebsleiter / operations manager logistik (m/w/d) - messkirch|korntal-münchingen, baden-württemberg, germany|https://www.linkedin.com/jobs/view/4443037647
amazon|lagermitarbeiter (m/w/d) – neuwied|neuwied, rhineland-palatinate, germany|https://www.linkedin.com/jobs/view/4443040135
amazon|sales account manager, large customer sales, amazon ads|milan, lombardy, italy|https://www.linkedin.com/jobs/view/4443064040
amazon|senior business partner — operations central functions , employee experience & relations|barcelona, catalonia, spain|https://www.linkedin.com/jobs/view/4445989859
amazon|onsite events, amazon business|madrid, community of madrid, spain|https://www.linkedin.com/jobs/view/4443062045
amazon|amazon versand-/lagermitarbeiter (m/w/d) - salzgitter|salzgitter, lower saxony, germany|https://www.linkedin.com/jobs/view/4443044051
amazon|responsable d'equipe logistique (h/f)|paris, île-de-france, france|https://www.linkedin.com/jobs/view/4443042275
amazon|mozo/a de almacén (operador logístico)|figueres, catalonia, spain|https://www.linkedin.com/jobs/view/4443046373
amazon web services (aws)|aws solutions architect, aws solutions architect|milan, lombardy, italy|https://www.linkedin.com/jobs/view/4444747877
amazon|sortiermitarbeiter (m/w/d) - lahntal|lahntal, hesse, germany|https://www.linkedin.com/jobs/view/4443030302
amazon|responsable des operations logistiques (h/f), sort center operations|centre-val de loire, france|https://www.linkedin.com/jobs/view/4445976926
amazon|bereichsleiter:in logistik|contwig, rhineland-palatinate, germany|https://www.linkedin.com/jobs/view/4443032606
amazon|responsable d'équipe logistique|villeneuve-lès-bouloc, occitanie, france|https://www.linkedin.com/jobs/view/4443031518
amazon|whs coordinator, workplace health and safety|dortmund, north rhine-westphalia, germany|https://www.linkedin.com/jobs/view/4447066050
amazon|senior business partner — operations central functions , employee experience & relations|clichy, île-de-france, france|https://www.linkedin.com/jobs/view/4445983883
amazon|responsable d'equipe logistique (h/f)|avion, hauts-de-france, france|https://www.linkedin.com/jobs/view/4443032567
amazon|responsable d'equipe logistique (h/f), amazon logistics|woippy, grand est, france|https://www.linkedin.com/jobs/view/4443013827
amazon|sortiermitarbeiter (m/w/d) - 53881 euskirchen|euskirchen, north rhine-westphalia, germany|https://www.linkedin.com/jobs/view/4443028400
amazon|deployment execution engineer , robotics deployment packaging and innovation - first deployment execution|munich, bavaria, germany|https://www.linkedin.com/jobs/view/4443045782
amazon|alternance ressources humaines bac+5|saran, centre-val de loire, france|https://www.linkedin.com/jobs/view/4443058269
amazon|responsable des operations logistiques (h/f)|satolas-et-bonce, auvergne-rhône-alpes, france|https://www.linkedin.com/jobs/view/4443035329
amazon|responsable des operations logistiques (h/f)|satolas-et-bonce, auvergne-rhône-alpes, france|https://www.linkedin.com/jobs/view/4443049921
amazon|software developer engineer ii, business delivery experience|madrid, community of madrid, spain|https://www.linkedin.com/jobs/view/4443044775
amazon|it support engineer|iesi, marche, italy|https://www.linkedin.com/jobs/view/4443056176
amazon web services (aws)|logistics specialist, aws logistics|paris, île-de-france, france|https://www.linkedin.com/jobs/view/4444431473
amazon|amazon versand-/lagermitarbeiter (m/w/d)|contwig, rhineland-palatinate, germany|https://www.linkedin.com/jobs/view/4443032686
amazon|ita sr process engineer amazon logistics, amazon logistics|milan, lombardy, italy|https://www.linkedin.com/jobs/view/4443027679
amazon|alternance ressources humaines bac+5|angerville, île-de-france, france|https://www.linkedin.com/jobs/view/4443044877
amazon|planner di manutenzione, rme|casirate d’adda, lombardy, italy|https://www.linkedin.com/jobs/view/4445997404
amazon|sortiermitarbeiter (m/w/d) - 33719 bielefeld|bielefeld, north rhine-westphalia, germany|https://www.linkedin.com/jobs/view/4443044607
amazon|amazon versand-/lagermitarbeiter (m/w/d) - werne|werne an der lippe, north rhine-westphalia, germany|https://www.linkedin.com/jobs/view/4443031976
amazon|regional fleet manager, meu fleet management|premstätten, styria, austria|https://www.linkedin.com/jobs/view/4443041664
amazon web services (aws)|it support specialist, data center operations|frankfurt, hesse, germany|https://www.linkedin.com/jobs/view/4444487123
amazon|operations manager / logistik manager / produktionsleiter - ettenheim bei freiburg / straßburg / basel|ettenheim, baden-württemberg, germany|https://www.linkedin.com/jobs/view/4443031967
amazon|instandhaltungsplaner|saxony-anhalt, germany|https://www.linkedin.com/jobs/view/4443058063
amazon|area manager / bereichsleiter / abteilungsleiter logistik (m/w/d) - ettenheim|ludwigshafen, rhineland-palatinate, germany|https://www.linkedin.com/jobs/view/4443042251
amazon|it support engineer|beauvais, hauts-de-france, france|https://www.linkedin.com/jobs/view/4443014936
amazon|alternance ressources humaines bac+5|villeneuve-la-garenne, île-de-france, france|https://www.linkedin.com/jobs/view/4443039772
amazon|responsable d'équipe logistique, opérations (h/f), amazon fulfillment center|illiers-combray, centre-val de loire, france|https://www.linkedin.com/jobs/view/4446363017
amazon|isx regional partner coach, reverse logistic services (rls)|milan, lombardy, italy|https://www.linkedin.com/jobs/view/4446509749
amazon|amazon versandmitarbeiter (m/w/d) - wunstorf|wunstorf, lower saxony, germany|https://www.linkedin.com/jobs/view/4443014837
amazon|bereichsleiter:in logistik - salzgitter|helmstedt, lower saxony, germany|https://www.linkedin.com/jobs/view/4443055184
amazon|area manager / bereichsleiter / abteilungsleiter logistik (m/w/d) - ettenheim|ettenheim, baden-württemberg, germany|https://www.linkedin.com/jobs/view/4443044069
amazon|amazon tour leader, amazon tours|graben, bavaria, germany|https://www.linkedin.com/jobs/view/4443040719
amazon|sr. eu process engineer (h/f), eu pe net|figueres, catalonia, spain|https://www.linkedin.com/jobs/view/4443045422
amazon|software development engineer, ring|gdansk metropolitan area, worldwide|https://www.linkedin.com/jobs/view/4443035751
amazon|operations learning manager|świebodzin, lubuskie, poland|https://www.linkedin.com/jobs/view/4443953865
amazon|alternance ressources humaines bac+5|brétigny-sur-orge, île-de-france, france|https://www.linkedin.com/jobs/view/4443049424
amazon|operations manager / logistik manager / produktionsleiter - ettenheim bei freiburg / straßburg / basel|regensburg, bavaria, germany|https://www.linkedin.com/jobs/view/4443049218
amazon|responsable des opérations (fulfilment center) h/f|illiers-combray, centre-val de loire, france|https://www.linkedin.com/jobs/view/4443038338
amazon|assistant logistique de stock externalisé - mormant (77720), cf flex|saran, centre-val de loire, france|https://www.linkedin.com/jobs/view/4443038772
amazon music|applied scientist, amazon music - disco, music disco|berlin, germany|https://www.linkedin.com/jobs/view/4443032572
amazon web services (aws)|architecte solutions, aws france|lyon, auvergne-rhône-alpes, france|https://www.linkedin.com/jobs/view/4444475394
amazon|tech principal product manager (live tv), fire tv experience|berlin, germany|https://www.linkedin.com/jobs/view/4443037566
amazon web services (aws)|it support specialist, data center operations|frankfurt, hesse, germany|https://www.linkedin.com/jobs/view/4445203707
amazon|deployment execution engineer , robotics deployment packaging and innovation - first deployment execution|düsseldorf, north rhine-westphalia, germany|https://www.linkedin.com/jobs/view/4443062103
amazon|alternance ressources humaines bac+5, eu pxt|auvergne-rhône-alpes, france|https://www.linkedin.com/jobs/view/4443053059
amazon|software development manager, aft external fulfillment|luxembourg, luxembourg, luxembourg|https://www.linkedin.com/jobs/view/4443029765
amazon|koordinator/in für arbeitssicherheit, whs|oerlenbach, bavaria, germany|https://www.linkedin.com/jobs/view/4443047033
amazon|programme d'alternance maintenance bac+2 h/f|illiers-combray, centre-val de loire, france|https://www.linkedin.com/jobs/view/4443049693
amazon web services (aws)|it specialist (data center technician), data center operations|frankfurt, hesse, germany|https://www.linkedin.com/jobs/view/4443045243
amazon|production coordinator, international originals, de|munich, bavaria, germany|https://www.linkedin.com/jobs/view/4445987833
amazon|responsable de production (h/f)|illiers-combray, centre-val de loire, france|https://www.linkedin.com/jobs/view/4446345488
amazon web services (aws)|software development engineer - 2026|munich, bavaria, germany|https://www.linkedin.com/jobs/view/4444223972
amazon|rme operator|alessandria, piedmont, italy|https://www.linkedin.com/jobs/view/4443050369
amazon music|industry relations manager, amazon music|madrid, community of madrid, spain|https://www.linkedin.com/jobs/view/4446516234
amazon|alternance ressources humaines bac+5|woippy, grand est, france|https://www.linkedin.com/jobs/view/4443038693
amazon|vat manager, tax|munich, bavaria, germany|https://www.linkedin.com/jobs/view/4443028918
amazon|bereichsleiter logistik / area manager, operations (m/w/d) - dahlewitz|dahlewitz, brandenburg, germany|https://www.linkedin.com/jobs/view/4443036931
amazon|responsable d'équipe logistique (h/f) - début juin|boves, hauts-de-france, france|https://www.linkedin.com/jobs/view/4443041378
amazon|process/design engineer amazon logistics, sr design engineering|berlin, berlin, germany|https://www.linkedin.com/jobs/view/4443064066
amazon|robotics deployment engineer , robotics deployment packaging and innovation|berlin, berlin, germany|https://www.linkedin.com/jobs/view/4443026996
amazon|applied scientist on artificial intelligence and optimization, eu ltp science (octps)|madrid, community of madrid, spain|https://www.linkedin.com/jobs/view/4446840171
amazon|machine learning scientist / applied scientist, eu prime and marketing analytics & science (primas)|madrid, community of madrid, spain|https://www.linkedin.com/jobs/view/4443038276
amazon|sr account executive, government, amazon business europe - public sector|munich, bavaria, germany|https://www.linkedin.com/jobs/view/4443040234
amazon|operations manager / logistik manager / produktionsleiter - ettenheim bei freiburg / straßburg / basel|nuremberg, bavaria, germany|https://www.linkedin.com/jobs/view/4443047289
amazon|sortiermitarbeiter (m/w/d) - 01561 lampertswalde|lampertswalde, saxony, germany|https://www.linkedin.com/jobs/view/4443017691
prime video & amazon mgm studios|business affairs executive, international originals|munich, bavaria, germany|https://www.linkedin.com/jobs/view/4443039925
amazon|ai&mi solutions global lead, sourcing excellence, sourcing excellence|barcelona, catalonia, spain|https://www.linkedin.com/jobs/view/4443023764
amazon|amazon versand-/lagermitarbeiter (m/w/d) - blankenfelde-mahlow|blankenfelde-mahlow, brandenburg, germany|https://www.linkedin.com/jobs/view/4443028509
amazon|meu & uk asset manager, global realty portfolio optimization, global realty|berlin, berlin, germany|https://www.linkedin.com/jobs/view/4443029631
amazon|graduate engineering manager|novara, piedmont, italy|https://www.linkedin.com/jobs/view/4444493044
amazon|delivery area manager, last mile operations|valkenswaard, north brabant, netherlands|https://www.linkedin.com/jobs/view/4443046003
amazon|hr partner:in der befristete arbeitsvertrag|greater erfurt area, worldwide|https://www.linkedin.com/jobs/view/4443027818
amazon|delivery area manager, last mile operations|valkenswaard, north brabant, netherlands|https://www.linkedin.com/jobs/view/4443013886
amazon|delivery area manager, last mile operations|valkenswaard, north brabant, netherlands|https://www.linkedin.com/jobs/view/4443020505
amazon|operations manager / logistik manager / produktionsleiter - ettenheim bei freiburg / straßburg / basel|düsseldorf, north rhine-westphalia, germany|https://www.linkedin.com/jobs/view/4443048207
amazon|sortiermitarbeiter (m/w/d) - 38268 lengede|lengede, lower saxony, germany|https://www.linkedin.com/jobs/view/4443032032
amazon|workplace, health and safety (whs) manager:in|erding, bavaria, germany|https://www.linkedin.com/jobs/view/4443048271
amazon|sr. sales ops manager, eu, amazon shipping|milan, lombardy, italy|https://www.linkedin.com/jobs/view/4443037724
amazon|lagermitarbeiter (m/w/d) - 49661 cloppenburg/großenkneten|cloppenburg, lower saxony, germany|https://www.linkedin.com/jobs/view/4443045236
amazon|delivery area manager, last mile operations|valkenswaard, north brabant, netherlands|https://www.linkedin.com/jobs/view/4443013833
apple|business expert (m/w/x) - expert:in für geschäftskundenbeziehung/account management im apple store wien|vienna, vienna, austria|https://www.linkedin.com/jobs/view/4439849800
apple|apple business - major accounts lead, austria|vienna, vienna, austria|https://www.linkedin.com/jobs/view/4416180108
apple|business expert (m/w/x) - expert:in für geschäftskundenbeziehung/account management im apple store wien|vienna, vienna, austria|https://www.linkedin.com/jobs/view/4439852644
apple|at-specialist (m/f/d)|vienna, vienna, austria|https://www.linkedin.com/jobs/view/4414145982
apple|at-specialist (m/w/x)|vienna, vienna, austria|https://www.linkedin.com/jobs/view/4433233315
red bull|operations reporting developer|elsbethen, salzburg, austria|https://www.linkedin.com/jobs/view/4438189066
apple|apple channel store advisor, innsbruck|innsbruck, tyrol, austria|https://www.linkedin.com/jobs/view/4414155731
lidl österreich|business analyst - customer insights (w/m/d)|salzburg, salzburg, austria|https://www.linkedin.com/jobs/view/4443276713
red bull|supply chain network design & strategy analyst|elsbethen, salzburg, austria|https://www.linkedin.com/jobs/view/4422959268
sportradar|business development analyst (m/f/d)|vienna, vienna, austria|https://www.linkedin.com/jobs/view/4443781390
apple|be-business pro|brussels, brussels region, belgium|https://www.linkedin.com/jobs/view/4440216609
apple|be-business pro|brussels, brussels region, belgium|https://www.linkedin.com/jobs/view/4440209818
apple|be-business pro|brussels region, belgium|https://www.linkedin.com/jobs/view/4440228041
apple|business - channel account executive|brussels, brussels region, belgium|https://www.linkedin.com/jobs/view/4414152816
apple|be-manager|brussels, brussels region, belgium|https://www.linkedin.com/jobs/view/4430836627
apple|be-manager brussels|brussels, brussels region, belgium|https://www.linkedin.com/jobs/view/4414173016
deliveroo|commercial strategy associate|brussels metropolitan area, worldwide|https://www.linkedin.com/jobs/view/4439858857
apple|be-manager|brussels, brussels region, belgium|https://www.linkedin.com/jobs/view/4430835609
apple|be-manager|brussels region, belgium|https://www.linkedin.com/jobs/view/4430831671
air apps|product growth specialist|copenhagen, capital region of denmark, denmark|https://www.linkedin.com/jobs/view/4405165808
air apps|product growth specialist|helsinki, uusimaa, finland|https://www.linkedin.com/jobs/view/4405171217
apple|fr-manager|paris, île-de-france, france|https://www.linkedin.com/jobs/view/4414170140
hp|business analyst apprentice - global sales m/f|grenoble, auvergne-rhône-alpes, france|https://www.linkedin.com/jobs/view/4444940371
apple|fr-manager|paris, île-de-france, france|https://www.linkedin.com/jobs/view/4414174009
apple|vulnerability researcher|paris, île-de-france, france|https://www.linkedin.com/jobs/view/4414162524
apple|fr-expert|paris, île-de-france, france|https://www.linkedin.com/jobs/view/4443232311
apple|fr-expert|paris, île-de-france, france|https://www.linkedin.com/jobs/view/4443229389
apple|aiml - machine learning researcher, mlr|paris, île-de-france, france|https://www.linkedin.com/jobs/view/4414150972
apple|offensive security researcher, sear|paris, île-de-france, france|https://www.linkedin.com/jobs/view/4414163520
apple|fr-manager|strasbourg, grand est, france|https://www.linkedin.com/jobs/view/4433228578
adobe|deal desk analyst|paris, île-de-france, france|https://www.linkedin.com/jobs/view/4433254345
apple|fr - spécialiste|marne-la-vallée, île-de-france, france|https://www.linkedin.com/jobs/view/4414153622
apple|fr-responsable de magasin|strasbourg, grand est, france|https://www.linkedin.com/jobs/view/4446044103
apple|fr-technical specialist|nantes, pays de la loire, france|https://www.linkedin.com/jobs/view/4437961604
apple|fr - specialist: fixed term contracts, full-time and part-time|paris, île-de-france, france|https://www.linkedin.com/jobs/view/4414166296
apple|fr - specialist: fixed term contracts, full-time and part-time|marne-la-vallée, île-de-france, france|https://www.linkedin.com/jobs/view/4414153636
apple|fr - spécialiste|lyon, auvergne-rhône-alpes, france|https://www.linkedin.com/jobs/view/4414157563
apple|fr - specialist: fixed term contracts, full-time and part-time|rosny-sous-bois, île-de-france, france|https://www.linkedin.com/jobs/view/4414166299
apple|fr - specialist: fixed term contracts, full-time and part-time|aix-en-provence, provence-alpes-côte d'azur, france|https://www.linkedin.com/jobs/view/4415992230
apple|fr - specialist: fixed term contracts, full-time and part-time|poigny-la-forêt, île-de-france, france|https://www.linkedin.com/jobs/view/4439903465
apple|us-operations specialist|ga, atlanta, worldwide|https://www.linkedin.com/jobs/view/4414164423
google|solutions consultant|ga, atlanta, worldwide|https://www.linkedin.com/jobs/view/4445191183
red bull|distribution analyst|ga, atlanta, worldwide|https://www.linkedin.com/jobs/view/4430741178
the home depot|project analyst|ga, atlanta, worldwide|https://www.linkedin.com/jobs/view/4444014403
macy's|business analyst specialist|ga, johns creek, worldwide|https://www.linkedin.com/jobs/view/4446157224
apollo mission critical engineering|business analyst – strategy & innovation - entry level|ga, mableton, worldwide|https://www.linkedin.com/jobs/view/4373514055
the home depot|analyst, fulfillment strategy|ga, atlanta, worldwide|https://www.linkedin.com/jobs/view/4443178491
cisco|business analyst|ga, alpharetta, worldwide|https://www.linkedin.com/jobs/view/4447094801
cisco|business analyst|ga, atlanta, worldwide|https://www.linkedin.com/jobs/view/4447200828
the home depot|manager, interconnected strategy|ga, atlanta, worldwide|https://www.linkedin.com/jobs/view/4438405145
at&t|lead market development|ga, atlanta, worldwide|https://www.linkedin.com/jobs/view/4444120696
squaretrade|customer insights analyst|ga, atlanta, worldwide|https://www.linkedin.com/jobs/view/4432447198
the home depot|sr. analyst, supplier excellence|ga, atlanta, worldwide|https://www.linkedin.com/jobs/view/4436839124
google|strategy and operations lead, google cloud consulting|ga, atlanta, worldwide|https://www.linkedin.com/jobs/view/4443247279
goto foods|manager, business performance|ga, atlanta, worldwide|https://www.linkedin.com/jobs/view/4432463627
hertz|sales analyst - strategic partnerships|ga, atlanta, worldwide|https://www.linkedin.com/jobs/view/4444146792
the home depot|sr analyst, online merch - dropship|ga, atlanta, worldwide|https://www.linkedin.com/jobs/view/4436832457
microsoft|business program manager global payroll|ga, atlanta, worldwide|https://www.linkedin.com/jobs/view/4444431654
hewlett packard enterprise|specialty sales operations planner|ga, alpharetta, worldwide|https://www.linkedin.com/jobs/view/4436317402
apple|e-commerce & ai specialist germany, switzerland & austria|munich, bavaria, germany|https://www.linkedin.com/jobs/view/4418263040
apple|de-business expert (m/f/d)|hamburg, hamburg, germany|https://www.linkedin.com/jobs/view/4444653863
apple|de-operations expert (m/f/d)|greater dusseldorf area, worldwide|https://www.linkedin.com/jobs/view/4437327415
apple|de-business expert (m/w/x)|hamburg, hamburg, germany|https://www.linkedin.com/jobs/view/4444664837
apple|account executive, accessories & audio - mediamarktsaturn group|munich, bavaria, germany|https://www.linkedin.com/jobs/view/4439480669
apple|de-operations expert (m/w/x)|düsseldorf, north rhine-westphalia, germany|https://www.linkedin.com/jobs/view/4437335172
apple|retail account executive - mediamarktsaturn germany|munich, bavaria, germany|https://www.linkedin.com/jobs/view/4426183196
apple|apple channel store advisor, alexa|berlin, berlin, germany|https://www.linkedin.com/jobs/view/4426030834
apple|de-manager (m/f/d)|munich, bavaria, germany|https://www.linkedin.com/jobs/view/4430059031
apple|de-manager (m/f/d)|augsburg, bavaria, germany|https://www.linkedin.com/jobs/view/4446041147
apple|apple channel store advisor, mainz|mainz, rhineland-palatinate, germany|https://www.linkedin.com/jobs/view/4414150966
puma group|junior manager global go-to-market planning & analysis|herzogenaurach, bavaria, germany|https://www.linkedin.com/jobs/view/4446364331
apple|de-specialist (m/w/x)|munich, bavaria, germany|https://www.linkedin.com/jobs/view/4414167243
apple|macos software engineer - audio & music apps - m/f/d|hamburg, hamburg, germany|https://www.linkedin.com/jobs/view/4414154713
apple|software engineer - music apps - m/f/d|berlin, berlin, germany|https://www.linkedin.com/jobs/view/4446079249
apple|de-specialist (m/w/x)|augsburg, bavaria, germany|https://www.linkedin.com/jobs/view/4414164300
apple|de - specialist: seasonal, full-time and part-time|munich, bavaria, germany|https://www.linkedin.com/jobs/view/4414166301
apple|software engineer - music apps - m/f/d|hamburg, hamburg, germany|https://www.linkedin.com/jobs/view/4442261275
apple|apple store advisor, neuss|neuss, north rhine-westphalia, germany|https://www.linkedin.com/jobs/view/4416742181
apple|apple channel store advisor, kotsovolos|iráklion, crete, greece|https://www.linkedin.com/jobs/view/4444283802
apple|business development manager consumer offers|budapest, budapest, hungary|https://www.linkedin.com/jobs/view/4430842622
apple|customer value management (cvm) manager, cee|budapest, budapest, hungary|https://www.linkedin.com/jobs/view/4414174017
apple|systems engineer - enterprise & education sales|budapest, budapest, hungary|https://www.linkedin.com/jobs/view/4415749035
apple|applecare business development|cork, county cork, ireland|https://www.linkedin.com/jobs/view/4416740827
apple|applecare business development|cork, county cork, ireland|https://www.linkedin.com/jobs/view/4416755004
apple|applecare bpr project manager (15 months)|cork, county cork, ireland|https://www.linkedin.com/jobs/view/4445719818
apple|emeia bpr business operations lead - 23 month|cork, county cork, ireland|https://www.linkedin.com/jobs/view/4428002002
apple|reseller operations supply chain account manager - 11 months|cork, county cork, ireland|https://www.linkedin.com/jobs/view/4426182211
apple|software engineer (data governance)|dublin, county dublin, ireland|https://www.linkedin.com/jobs/view/4446034237
apple|client strategist, apple ads - future opportunities|dublin, county dublin, ireland|https://www.linkedin.com/jobs/view/4418525725
google|stock administration analyst|dublin, county dublin, ireland|https://www.linkedin.com/jobs/view/4435824903
apple|early careers full stack engineer, employee engagement engineering|cork, county cork, ireland|https://www.linkedin.com/jobs/view/4444294431
apple|software engineer — triage intelligence and debug engineering|cork, county cork, ireland|https://www.linkedin.com/jobs/view/4436898963
primark|insight analyst|dublin, county dublin, ireland|https://www.linkedin.com/jobs/view/4447229629
apple|site reliability engineer|dublin, county dublin, ireland|https://www.linkedin.com/jobs/view/4444524775
air apps|product analyst|dublin, county dublin, ireland|https://www.linkedin.com/jobs/view/4408028590
flutter entertainment|strategic intelligence partner|dublin 4, county dublin, ireland|https://www.linkedin.com/jobs/view/4443127380
apple|early careers devops engineer, employee engagement engineering|cork, county cork, ireland|https://www.linkedin.com/jobs/view/4442253826
apple|it-manager|florence, tuscany, italy|https://www.linkedin.com/jobs/view/4436096760
apple|it-manager|rome, latium, italy|https://www.linkedin.com/jobs/view/4414164426
apple|it-manager|florence, tuscany, italy|https://www.linkedin.com/jobs/view/4436086989
apple|it- store leader - milan metro market|milan, lombardy, italy|https://www.linkedin.com/jobs/view/4414164442
apple|it - specialist (sales)|milan, lombardy, italy|https://www.linkedin.com/jobs/view/4414162349
apple|it - specialist (sales)|florence, tuscany, italy|https://www.linkedin.com/jobs/view/4414151831
apple|it-manager|caserta, campania, italy|https://www.linkedin.com/jobs/view/4414160627
apple|it - store leader - rome metro market|rome, latium, italy|https://www.linkedin.com/jobs/view/4414158698
apple|it - specialist (sales)|lonato, lombardy, italy|https://www.linkedin.com/jobs/view/4414154546
apple|it-manager|caserta, campania, italy|https://www.linkedin.com/jobs/view/4414151999
apple|it - specialista (vendite)|turin, piedmont, italy|https://www.linkedin.com/jobs/view/4414157571
apple|it - specialista (vendite)|rome, latium, italy|https://www.linkedin.com/jobs/view/4414158541
apple|it - specialist (sales)|rimini, emilia-romagna, italy|https://www.linkedin.com/jobs/view/4414145965
apple|it - specialista (vendite)|mestre, veneto, italy|https://www.linkedin.com/jobs/view/4414150800
apple|it - specialista (vendite)|bergamo, lombardy, italy|https://www.linkedin.com/jobs/view/4414146898
apple|it - specialista (vendite)|rimini, emilia-romagna, italy|https://www.linkedin.com/jobs/view/4414165292
apple|apple channel store advisor - cagliari|cagliari, sardinia, italy|https://www.linkedin.com/jobs/view/4434393060
apple|apple channel store advisor, rome - law 68/99 (categorie protette)|rome, latium, italy|https://www.linkedin.com/jobs/view/4441305042
alta performance materials|business analyst - quote to cash|oh, grandview, worldwide|https://www.linkedin.com/jobs/view/4389272169
google|data center technician ii|oh, lancaster, worldwide|https://www.linkedin.com/jobs/view/4443274006
swiss federal administration|informaticien/ne de gestion junior|oh, berne, worldwide|https://www.linkedin.com/jobs/view/4441786715
rocky brands, inc.|retail sales operations specialist|oh, nelsonville, worldwide|https://www.linkedin.com/jobs/view/4439941867
alta performance materials|business analyst - manufacturing & supply chain|oh, grandview, worldwide|https://www.linkedin.com/jobs/view/4389253938
apple|nl-business pro|the hague, south holland, netherlands|https://www.linkedin.com/jobs/view/4437957770
apple|nl-business pro|the hague, south holland, netherlands|https://www.linkedin.com/jobs/view/4437959703
apple|channel communications manager, benelux|amsterdam, north holland, netherlands|https://www.linkedin.com/jobs/view/4438309181
apple|nl-manager|amsterdam, north holland, netherlands|https://www.linkedin.com/jobs/view/4430040957
apple|nl-manager|amsterdam, north holland, netherlands|https://www.linkedin.com/jobs/view/4444299067
apple|enterprise account executive, public major accounts|amsterdam, north holland, netherlands|https://www.linkedin.com/jobs/view/4414170114
apple|apple channel store advisor, leidschendam|zoetermeer, south holland, netherlands|https://www.linkedin.com/jobs/view/4429609232
apple|apple channel store advisor, utrecht|utrecht, utrecht, netherlands|https://www.linkedin.com/jobs/view/4414150980
apple|nl-technical specialist|haarlem, north holland, netherlands|https://www.linkedin.com/jobs/view/4437038978
apple|nl-manager|amsterdam, north holland, netherlands|https://www.linkedin.com/jobs/view/4443886005
cisco|graduate business operations analyst, norway|norway|https://www.linkedin.com/jobs/view/4425640341
apple|apple creator studio - international business manager|warsaw, mazowieckie, poland|https://www.linkedin.com/jobs/view/4422868576
apple|senior enterprise account executive – poland|warsaw, mazowieckie, poland|https://www.linkedin.com/jobs/view/4414158676
apple|channel sales manager, enterprise|warsaw, mazowieckie, poland|https://www.linkedin.com/jobs/view/4428772368
google|emea sales planning analyst|warsaw, mazowieckie, poland|https://www.linkedin.com/jobs/view/4444315992
apple|channel customer communications executive, romania and bulgaria|bucharest, bucharest, romania|https://www.linkedin.com/jobs/view/4426600912
apple|us-lead|brea, canada|https://www.linkedin.com/jobs/view/4442600282
apple|us-manager|costa mesa, canada|https://www.linkedin.com/jobs/view/4437972370
google|strategy and operations senior associate|los angeles, canada|https://www.linkedin.com/jobs/view/4399624410
tiktok|tiktok shop - strategy & analytics analyst|los angeles, canada|https://www.linkedin.com/jobs/view/4443196214
doordash|associate, new verticals - convenience strategy & operations|los angeles, canada|https://www.linkedin.com/jobs/view/4420764796
spacex|business analyst (starlink growth demand planning)|hawthorne, canada|https://www.linkedin.com/jobs/view/4446538331
google|global strategy and operations associate, youtube marketing|los angeles, canada|https://www.linkedin.com/jobs/view/4439404506
spacex|business operations analyst (starlink)|hawthorne, canada|https://www.linkedin.com/jobs/view/4405435113
doordash|associate manager, new verticals - retail strategy & operations|los angeles, canada|https://www.linkedin.com/jobs/view/4437618345
revolve|process innovation analyst|cerritos, canada|https://www.linkedin.com/jobs/view/4444396638
roku|systems operations associate|santa monica, canada|https://www.linkedin.com/jobs/view/4446101371
doordash|associate, revenue operations - ads & promotions|los angeles, canada|https://www.linkedin.com/jobs/view/4434895886
salted|business analyst|los angeles, canada|https://www.linkedin.com/jobs/view/4431798907
taco bell|gift card analyst|irvine, canada|https://www.linkedin.com/jobs/view/4420185836
zuru toys|sales operations analyst|los angeles metropolitan area, worldwide|https://www.linkedin.com/jobs/view/4438567315
google|strategic planning senior associate, youtube|los angeles, canada|https://www.linkedin.com/jobs/view/4442606901
cisco|pricing & strategy analyst|irvine, canada|https://www.linkedin.com/jobs/view/4427650812
harman international|digital business analyst (global sales & service)|los angeles, canada|https://www.linkedin.com/jobs/view/4397972811
apple|strategic business development|madrid, community of madrid, spain|https://www.linkedin.com/jobs/view/4415913212
amazon|business analyst, translation services operations|barcelona, catalonia, spain|https://www.linkedin.com/jobs/view/4443010994
apple|aiml - machine learning researcher - mlr|barcelona, catalonia, spain|https://www.linkedin.com/jobs/view/4427249501
aristocrat|business analyst|barcelona, catalonia, spain|https://www.linkedin.com/jobs/view/4443186213
apple|es-manager|zaragoza, aragon, spain|https://www.linkedin.com/jobs/view/4427707463
apple|es-manager|zaragoza, aragon, spain|https://www.linkedin.com/jobs/view/4427493664
aristocrat|business analyst|madrid, community of madrid, spain|https://www.linkedin.com/jobs/view/4446096953
k-tuin · apple premium partner|product manager apple|zaragoza, aragon, spain|https://www.linkedin.com/jobs/view/4443299643
apple|systems sw engineer|madrid, community of madrid, spain|https://www.linkedin.com/jobs/view/4439957279
apple|language engineer (swedish), global siri|barcelona, catalonia, spain|https://www.linkedin.com/jobs/view/4414173052
hp|graduate business intelligence analyst - emea print category|barcelona, catalonia, spain|https://www.linkedin.com/jobs/view/4445906738
fever|business operations associate|madrid, community of madrid, spain|https://www.linkedin.com/jobs/view/4424893367
pepsico|revenue management analyst|barcelona, catalonia, spain|https://www.linkedin.com/jobs/view/4421168731
pepsico|revenue management analyst|barcelona, catalonia, spain|https://www.linkedin.com/jobs/view/4421172686
fever|strategy & operations - analyst|madrid, community of madrid, spain|https://www.linkedin.com/jobs/view/4347469405
lenovo|iso isg business operations|madrid, community of madrid, spain|https://www.linkedin.com/jobs/view/4428082333
fever|business growth analyst|madrid, community of madrid, spain|https://www.linkedin.com/jobs/view/4440123447
apple|se-pro|malmo, skåne county, sweden|https://www.linkedin.com/jobs/view/4416332965
apple|se-senior manager|stockholm, stockholm county, sweden|https://www.linkedin.com/jobs/view/4424476713
apple|se-pro|malmo, skåne county, sweden|https://www.linkedin.com/jobs/view/4416339759
apple|se-senior manager|täby, stockholm county, sweden|https://www.linkedin.com/jobs/view/4424491537
apple|se-specialist|täby, stockholm county, sweden|https://www.linkedin.com/jobs/view/4414456649
apple|se-specialist|solna, stockholm county, sweden|https://www.linkedin.com/jobs/view/4414448729
dagab|affärsanalytiker till dagab|stockholm, stockholm county, sweden|https://www.linkedin.com/jobs/view/4438641630
apple|se-specialist|malmo, skåne county, sweden|https://www.linkedin.com/jobs/view/4414457704
apple|senior threat intelligence analyst (eu remote), sear|zurich, zurich, switzerland|https://www.linkedin.com/jobs/view/4415765255
apple|aiml - machine learning researcher, mlr|lausanne, vaud, switzerland|https://www.linkedin.com/jobs/view/4416755005
apple|ch-specialist (m/f/d)|zurich, zurich, switzerland|https://www.linkedin.com/jobs/view/4414150805
apple|research scientist - llm efficiency|zurich, zurich, switzerland|https://www.linkedin.com/jobs/view/4439954333
apple|ch-technical specialist (m/f/d)|zürich linkes, zurich, switzerland|https://www.linkedin.com/jobs/view/4443142460
apple|aiml - research scientist, health|zurich, zurich, switzerland|https://www.linkedin.com/jobs/view/4417524508
apple|ch-specialist (m/f/d)|basel, basel, switzerland|https://www.linkedin.com/jobs/view/4414154568
apple|ai research scientist - multimodal intelligence|zurich, zurich, switzerland|https://www.linkedin.com/jobs/view/4414154744
apple|ch-specialist (m/f/d)|geneva, geneva, switzerland|https://www.linkedin.com/jobs/view/4414146904
apple|tr-mağaza lideri|istanbul, istanbul, worldwide|https://www.linkedin.com/jobs/view/4436094828
apple|tr-mağaza lideri|beşiktaş, istanbul, worldwide|https://www.linkedin.com/jobs/view/4436207211
danone|junior strategy and insights manager|kyiv, ukraine|https://www.linkedin.com/jobs/view/4439326306
apple|international business planning process & analytics lead|london, england, united kingdom|https://www.linkedin.com/jobs/view/4440222415
apple|seo analyst|london, england, united kingdom|https://www.linkedin.com/jobs/view/4438909668
apple|emeia visual merchandiser|london, england, united kingdom|https://www.linkedin.com/jobs/view/4439944932
apple|project manager, digital commerce management - apple store online|london, england, united kingdom|https://www.linkedin.com/jobs/view/4444660871
apple| international business channel development manager|london, england, united kingdom|https://www.linkedin.com/jobs/view/4438478345
apple|accessibility project manager (early career)|london, england, united kingdom|https://www.linkedin.com/jobs/view/4444040837
apple|strategic business development manager - payments acceptance and commerce|london, england, united kingdom|https://www.linkedin.com/jobs/view/4417532392
apple|senior product manager - apple services|london, england, united kingdom|https://www.linkedin.com/jobs/view/4446062768
apple|marketing strategy lead, international scripted series— apple tv|london, england, united kingdom|https://www.linkedin.com/jobs/view/4443227520
apple|sre, london|london, england, united kingdom|https://www.linkedin.com/jobs/view/4432647224
apple|production manager - apple music|london, england, united kingdom|https://www.linkedin.com/jobs/view/4414172044
asos.com|business automation associate|london, england, united kingdom|https://www.linkedin.com/jobs/view/4430210443
adobe|sales operations analyst|london, england, united kingdom|https://www.linkedin.com/jobs/view/4442243209
apple|data platform infra site reliability engineer|london, england, united kingdom|https://www.linkedin.com/jobs/view/4446060772
apple|qa lead - shazam (12 month contract)|london, england, united kingdom|https://www.linkedin.com/jobs/view/4434381576
sony interactive entertainment|senior business analyst|london, england, united kingdom|https://www.linkedin.com/jobs/view/4438401822
apple|emeia regional benefits leader|london, england, united kingdom|https://www.linkedin.com/jobs/view/4438907754
apple|graphics architect|london, england, united kingdom|https://www.linkedin.com/jobs/view/4414173037
apple|swe - user land security researcher, sear (early career)|cheltenham, england, united kingdom|https://www.linkedin.com/jobs/view/4414172027
apple|es - technical specialist: full-time, part-time, and part-time temporary|barcelona, catalonia, spain|https://www.linkedin.com/jobs/view/4424665417
apple|de-technical specialist (m/f/d)|berlin, berlin, germany|https://www.linkedin.com/jobs/view/4443247174
apple|de-technical specialist (m/w/x)|berlin, berlin, germany|https://www.linkedin.com/jobs/view/4445410999
apple|de-specialist (m/w/x)|berlin, berlin, germany|https://www.linkedin.com/jobs/view/4414149884
apple|de - specialist: seasonal, full-time and part-time|berlin, berlin, germany|https://www.linkedin.com/jobs/view/4414164310
air apps|product growth specialist|berlin metropolitan area, worldwide|https://www.linkedin.com/jobs/view/4406398876
google|emea sales planning analyst|dublin, county dublin, ireland|https://www.linkedin.com/jobs/view/4444317692
apple|client strategist, apple ads|dublin, county dublin, ireland|https://www.linkedin.com/jobs/view/4418532389
apple|client strategist - apple ads|dublin, county dublin, ireland|https://www.linkedin.com/jobs/view/4414169233
apple|uk - specialist: full-time, part-time, and part-time temporary|edinburgh, scotland, united kingdom|https://www.linkedin.com/jobs/view/4414161454
apple|uk - specialist: full-time, part-time, and part-time temporary|glasgow, scotland, united kingdom|https://www.linkedin.com/jobs/view/4414155618
samsung germany|business analyst m/w/d|eschborn, hesse, germany|https://www.linkedin.com/jobs/view/4410719882
apple|de-specialist (m/w/x)|sulzbach, hesse, germany|https://www.linkedin.com/jobs/view/4414149885
apple|de-specialist (m/w/x)|frankfurt, hesse, germany|https://www.linkedin.com/jobs/view/4414151837
apple|de - specialist: seasonal, full-time and part-time|sulzbach, hesse, germany|https://www.linkedin.com/jobs/view/4414152675
apple|de - specialist: seasonal, full-time and part-time|frankfurt, hesse, germany|https://www.linkedin.com/jobs/view/4414169106
nintendo of europe|supply chain analyst (m/f/d)|frankfurt am main, hesse, germany|https://www.linkedin.com/jobs/view/4437647953
nestlé|nestep talent in strategy & insights|vevey, vaud, switzerland|https://www.linkedin.com/jobs/view/4437434103
apple|apple channel store advisor, tech village, hamburg|hamburg, hamburg, germany|https://www.linkedin.com/jobs/view/4423993936
apple|de-senior manager (m/f/d)|hamburg, hamburg, germany|https://www.linkedin.com/jobs/view/4440217635
apple|de-senior manager (m/w/x)|hamburg, hamburg, germany|https://www.linkedin.com/jobs/view/4440229005
apple|de - specialist: seasonal, full-time and part-time|hamburg, hamburg, germany|https://www.linkedin.com/jobs/view/4414166306
apple|macos software engineer - audio & music apps - m/f/d|rellingen, schleswig-holstein, germany|https://www.linkedin.com/jobs/view/4414156773
apple|software engineer - music apps - m/f/d|rellingen, schleswig-holstein, germany|https://www.linkedin.com/jobs/view/4442257514
apple|de-technical specialist (m/f/d)|hannover, lower saxony, germany|https://www.linkedin.com/jobs/view/4444060253
apple|de-technical specialist (m/w/x)|hannover, lower saxony, germany|https://www.linkedin.com/jobs/view/4444046407
apple|de-specialist (m/w/x)|hannover, lower saxony, germany|https://www.linkedin.com/jobs/view/4414150790
apple|de - specialist: seasonal, full-time and part-time|hannover, lower saxony, germany|https://www.linkedin.com/jobs/view/4414162369
apple|fr - specialist: fixed term contracts, full-time and part-time|lyon, auvergne-rhône-alpes, france|https://www.linkedin.com/jobs/view/4414152672
archimed|apprentice business analysis|lyon, auvergne-rhône-alpes, france|https://www.linkedin.com/jobs/view/4411625216
crédit agricole technologies et services|business analyst f/h|lyon, auvergne-rhône-alpes, france|https://www.linkedin.com/jobs/view/4420726399
pepsico|revenue management trainee|madrid, community of madrid, spain|https://www.linkedin.com/jobs/view/4437629304
apple|uk - specialist: full-time, part-time, and part-time temporary|liverpool, england, united kingdom|https://www.linkedin.com/jobs/view/4414151874
apple|uk - specialist: full-time, part-time, and part-time temporary|manchester, england, united kingdom|https://www.linkedin.com/jobs/view/4414165321
iceland foods|business analyst|deeside, wales, united kingdom|https://www.linkedin.com/jobs/view/4441433661
apple|uk - specialist: full-time, part-time, and part-time temporary|sheffield, england, united kingdom|https://www.linkedin.com/jobs/view/4414160511
iceland foods|graduate process improvement ai integration assistant|deeside, wales, united kingdom|https://www.linkedin.com/jobs/view/4443361155
apple|uk - specialist: full-time, part-time, and part-time temporary|leeds, england, united kingdom|https://www.linkedin.com/jobs/view/4414161448
pets at home|business analyst|handforth, england, united kingdom|https://www.linkedin.com/jobs/view/4438724135
b&m retail|retail insights analyst|liverpool, england, united kingdom|https://www.linkedin.com/jobs/view/4445003544
apple|it - specialista (vendite)|milan, lombardy, italy|https://www.linkedin.com/jobs/view/4414146892
apple|pr manager, italy|milan, lombardy, italy|https://www.linkedin.com/jobs/view/4414153788
apple|it - senior manager - milan metro market|milan, lombardy, italy|https://www.linkedin.com/jobs/view/4414163525
apple|it - specialist (sales)|bergamo, lombardy, italy|https://www.linkedin.com/jobs/view/4414158520
deliveroo|category & pricing analyst|milan, lombardy, italy|https://www.linkedin.com/jobs/view/4420439715
apple|systems engineer - enterprise and education sales|munich, bavaria, germany|https://www.linkedin.com/jobs/view/4414166450
apple|de-manager (m/w/x)|munich, bavaria, germany|https://www.linkedin.com/jobs/view/4414152654
apple|de-manager (m/w/x)|augsburg, bavaria, germany|https://www.linkedin.com/jobs/view/4446028598
apple|engineering project manager, swe programs|munich, bavaria, germany|https://www.linkedin.com/jobs/view/4414164418
apple|software build engineer, software delivery|munich, bavaria, germany|https://www.linkedin.com/jobs/view/4414152852
apple|software engineering manager – system applications (paris)|paris, île-de-france, france|https://www.linkedin.com/jobs/view/4414159647
apple|fr - spécialiste|paris, île-de-france, france|https://www.linkedin.com/jobs/view/4414151832
apple|it - specialist (sales)|rome, latium, italy|https://www.linkedin.com/jobs/view/4414149874
sportradar|business development analyst (m/f/d)|vienna, vienna, austria|https://www.linkedin.com/jobs/view/4443112635
coca-cola hbc|market insights (w/m/d)|vienna, austria|https://www.linkedin.com/jobs/view/4436715792
rewe international ag|it business analyst (m/w/x) i pricing & product signage|vienna, vienna, austria|https://www.linkedin.com/jobs/view/4439068452
apple|engineering project manager, employee engineering experience|cork, county cork, ireland|https://www.linkedin.com/jobs/view/4437993978
apple|distribution operations specialist - apple services operations|cork, county cork, ireland|https://www.linkedin.com/jobs/view/4439863276
apple|it - specialist (sales)|catania, sicily, italy|https://www.linkedin.com/jobs/view/4414168170
apple|it - specialist (sales)|mestre, veneto, italy|https://www.linkedin.com/jobs/view/4414148865
apple|it - specialista (vendite)|lonato, lombardy, italy|https://www.linkedin.com/jobs/view/4414158540
apple|it - specialist (sales)|turin, piedmont, italy|https://www.linkedin.com/jobs/view/4414146879
apple|it - specialista (vendite)|catania, sicily, italy|https://www.linkedin.com/jobs/view/4414146893
apple|it - specialista (vendite)|bologna, emilia-romagna, italy|https://www.linkedin.com/jobs/view/4414161422
apple|quality engineer, employee experience engineering|cork, county cork, ireland|https://www.linkedin.com/jobs/view/4442643083
apple|de-technical specialist (m/w/x)|sindelfingen, baden-württemberg, germany|https://www.linkedin.com/jobs/view/4444279939
apple|fr-technical specialist|marseille, provence-alpes-côte d'azur, france|https://www.linkedin.com/jobs/view/4446028599
apple|fr-technical specialist|nantes, pays de la loire, france|https://www.linkedin.com/jobs/view/4437976058
apple|fr-store leader|strasbourg, grand est, france|https://www.linkedin.com/jobs/view/4446022995
apple|nl-manager|amsterdam, north holland, netherlands|https://www.linkedin.com/jobs/view/4430051175
apple|nl-manager|haarlem, north holland, netherlands|https://www.linkedin.com/jobs/view/4424456206
apple|de-specialist (m/f/d)|cologne, north rhine-westphalia, germany|https://www.linkedin.com/jobs/view/4414157718
apple|fr - spécialiste|lieusaint, île-de-france, france|https://www.linkedin.com/jobs/view/4414162351
apple|nl-manager|haarlem, north holland, netherlands|https://www.linkedin.com/jobs/view/4424455237
apple|nl-technical specialist|haarlem, north holland, netherlands|https://www.linkedin.com/jobs/view/4437055237
apple|de - specialist: seasonal, full-time and part-time|sindelfingen, baden-württemberg, germany|https://www.linkedin.com/jobs/view/4414152679
apple|de - specialist: seasonal, full-time and part-time|dresden, saxony, germany|https://www.linkedin.com/jobs/view/4414167257
red bull|fp&a data & process governance specialist|fuschl am see, salzburg, austria|https://www.linkedin.com/jobs/view/4400329954
apple|offensive security research manager|paris, île-de-france, france|https://www.linkedin.com/jobs/view/4414159676
apple|fr - specialist: fixed term contracts, full-time and part-time|lieusaint, île-de-france, france|https://www.linkedin.com/jobs/view/4414156628
apple|fr - specialist: fixed term contracts, full-time and part-time|nice, provence-alpes-côte d'azur, france|https://www.linkedin.com/jobs/view/4414161427
apple|de-specialist (m/w/x)|oberhausen, north rhine-westphalia, germany|https://www.linkedin.com/jobs/view/4414150791
apple|offensive security researcher - remote attack surface|paris, île-de-france, france|https://www.linkedin.com/jobs/view/4414170138
apple|fr - specialist: fixed term contracts, full-time and part-time|dijon, bourgogne-franche-comté, france|https://www.linkedin.com/jobs/view/4414146897
picnic technologies|analytics - future leaders graduate program|paris, île-de-france, france|https://www.linkedin.com/jobs/view/4404312654
apple|de - specialist: seasonal, full-time and part-time|greater dusseldorf area, worldwide|https://www.linkedin.com/jobs/view/4414159519
apple|fr - spécialiste|marseille, provence-alpes-côte d'azur, france|https://www.linkedin.com/jobs/view/4414158521
nvidia|business operations sales analyst|courbevoie, île-de-france, france|https://www.linkedin.com/jobs/view/4442246645
picnic technologies|analytics - future leaders graduate program|hamburg, hamburg, germany|https://www.linkedin.com/jobs/view/4301797915
picnic technologies|commercial & analytics projects - mid-level (m/w/d)|düsseldorf, north rhine-westphalia, germany|https://www.linkedin.com/jobs/view/4288467576
nvidia|business operations sales analyst|munich, bavaria, germany|https://www.linkedin.com/jobs/view/4442256263
valeo|apprentice – product marketing analyst (m/f)|cergy, île-de-france, france|https://www.linkedin.com/jobs/view/4385568267
apple|fr - spécialiste|dijon, bourgogne-franche-comté, france|https://www.linkedin.com/jobs/view/4414168175
apple|fr - specialist: fixed term contracts, full-time and part-time|bordeaux, nouvelle-aquitaine, france|https://www.linkedin.com/jobs/view/4414164309
product madness 📱🎮|business analyst|barcelona, catalonia, spain|https://www.linkedin.com/jobs/view/4441705192
apple|software engineer (data apps + frontend), ai & data platforms|cork, county cork, ireland|https://www.linkedin.com/jobs/view/4414166441
philips|alternance lead management & business analyst hs|suresnes, île-de-france, france|https://www.linkedin.com/jobs/view/4382889165
picnic technologies|analytics - future leaders graduate program|amsterdam, north holland, netherlands|https://www.linkedin.com/jobs/view/4404311739
apple|machine learning research engineer, machine translation|aachen, north rhine-westphalia, germany|https://www.linkedin.com/jobs/view/4441139176
product madness 📱🎮|business analyst|barcelona, catalonia, spain|https://www.linkedin.com/jobs/view/4441391794
apple|ams sta / timing engineer (m/f/d).|munich, bavaria, germany|https://www.linkedin.com/jobs/view/4414150954
amazon|inventory planner , amxl supply chain|barcelona, catalonia, spain|https://www.linkedin.com/jobs/view/4443041928
google|analytical consultant, digital first|munich, bavaria, germany|https://www.linkedin.com/jobs/view/4439880381
apple|early career - power/emir design engineer (m, f, d)|munich, bavaria, germany|https://www.linkedin.com/jobs/view/4414165438
apple|fr - spécialiste|montpellier, occitanie, france|https://www.linkedin.com/jobs/view/4414166279
pepsico|direct-to-consumer (dtc) senior analyst h/f|carquefou, pays de la loire, france|https://www.linkedin.com/jobs/view/4438738508
apple|apple channel store advisor, hoorn|alkmaar, north holland, netherlands|https://www.linkedin.com/jobs/view/4438903819
picnic technologies|business - future leaders graduate program (consumer)|düsseldorf, north rhine-westphalia, germany|https://www.linkedin.com/jobs/view/4373596854
sephora|alternance - assistant business analyst (f/h/x)|neuilly-sur-seine, île-de-france, france|https://www.linkedin.com/jobs/view/4442730257
apple|senior legal counsel - regulatory legal|dublin, county dublin, ireland|https://www.linkedin.com/jobs/view/4414459032
apple|mixed signal design verification engineer - early career (m/f/d)|livorno, tuscany, italy|https://www.linkedin.com/jobs/view/4437967481
veepee|business analyst operations - f/h/x - cdi|st.-denis, île-de-france, france|https://www.linkedin.com/jobs/view/4431905043
pepsico|demand acceleration senior analyst - sodastream - south europe cluster - france - h/f|carquefou, pays de la loire, france|https://www.linkedin.com/jobs/view/4431097478
pepsico|demand acceleration senior analyst - sodastream - south europe cluster - france - h/f|carquefou, pays de la loire, france|https://www.linkedin.com/jobs/view/4431086602
bmw group|alternant business performance analyst (f/h)|montigny-le-bretonneux, île-de-france, france|https://www.linkedin.com/jobs/view/4434775096
apple|analog mixed-signal modeling software engineer (m/f/d)|munich, bavaria, germany|https://www.linkedin.com/jobs/view/4414172038
bitpanda|marketing campaign analyst|vienna, austria|https://www.linkedin.com/jobs/view/4438648542
metak llc|planlama mütəxəssisi|baku, baku ekonomic zone, worldwide|https://www.linkedin.com/jobs/view/4441378078
flix|business analyst- automation & ai solutions (m/f/d)|sofia, sofia city, worldwide|https://www.linkedin.com/jobs/view/4441991342
b2spin limited|digital analyst technical|bulgaria, worldwide|https://www.linkedin.com/jobs/view/4432840227
draftkings inc.|data analyst|plovdiv, plovdiv, worldwide|https://www.linkedin.com/jobs/view/4424434361
block labs|business intelligence analyst|croatia, worldwide|https://www.linkedin.com/jobs/view/4416510547
mayflower|product analyst|cyprus, limassol, worldwide|https://www.linkedin.com/jobs/view/4414814742
tickmill|product analyst|cyprus, limassol, worldwide|https://www.linkedin.com/jobs/view/4431089784
mayflower|business analyst|vasa kellakiou, limassol, worldwide|https://www.linkedin.com/jobs/view/4444980888
aylo|product business analyst|nicosia, nicosia, worldwide|https://www.linkedin.com/jobs/view/4438170883
nexters ($gdev)|data analyst|limassol municipality, limassol, worldwide|https://www.linkedin.com/jobs/view/4441835156
tickmill|product analyst|tallinn, harjumaa, worldwide|https://www.linkedin.com/jobs/view/4426407033
prop firm match|marketing / growth analyst|estonia, worldwide|https://www.linkedin.com/jobs/view/4425698496
prop firm match|product analyst|estonia, worldwide|https://www.linkedin.com/jobs/view/4425911431
coolbet|data analyst|tallinn, harjumaa, worldwide|https://www.linkedin.com/jobs/view/4435950743
malwarebytes|senior product analyst|tallinn, harjumaa, worldwide|https://www.linkedin.com/jobs/view/4388571961
meta|research scientist, fair core learning and reasoning|paris, île-de-france, france|https://www.linkedin.com/jobs/view/4443681067
meta|research engineer - fair, sgt|paris, île-de-france, france|https://www.linkedin.com/jobs/view/4398246602
meta|research scientist, fair sgt - paris|paris, île-de-france, france|https://www.linkedin.com/jobs/view/4392272284
meta|ai research scientist|paris, île-de-france, france|https://www.linkedin.com/jobs/view/4441596188
meta|research scientist, ai research (phd)|paris, île-de-france, france|https://www.linkedin.com/jobs/view/4375219532
meta|research scientist, ai verification|paris, île-de-france, france|https://www.linkedin.com/jobs/view/4433158139
meta|research scientist, ai, formal and informal reasoning|paris, île-de-france, france|https://www.linkedin.com/jobs/view/4410125836
meta|research scientist, omni-lingual (fair)|paris, île-de-france, france|https://www.linkedin.com/jobs/view/4437672318
meta|postdoctoral researcher (phd) - fair - core learning|paris, île-de-france, france|https://www.linkedin.com/jobs/view/4420183678
meta|staff research scientist, fair (rl / llm's)|paris, île-de-france, france|https://www.linkedin.com/jobs/view/4422274111
meta|critical operations manager|ga, newton county, worldwide|https://www.linkedin.com/jobs/view/4417440702
meta|facility project manager, data center|ga, newton county, worldwide|https://www.linkedin.com/jobs/view/4417459031
meta|critical facility engineer|ga, newton county, worldwide|https://www.linkedin.com/jobs/view/4414060897
meta|critical facility engineer|ga, newton county, worldwide|https://www.linkedin.com/jobs/view/4417445605
meta|lead building engineer|ga, newton county, worldwide|https://www.linkedin.com/jobs/view/4417437926
meta|mechanical subject matter expert|ga, newton county, worldwide|https://www.linkedin.com/jobs/view/4417445591
meta|electrical subject matter expert|ga, newton county, worldwide|https://www.linkedin.com/jobs/view/4417446586
metropower|it business analyst|ga, tucker, worldwide|https://www.linkedin.com/jobs/view/4442356324
delta air lines|project manager, resource planning optimization|ga, atlanta, worldwide|https://www.linkedin.com/jobs/view/4434335822
prizepicks|product analyst|ga, atlanta, worldwide|https://www.linkedin.com/jobs/view/4430800119
google|technical program manager iii, advanced analytics, google data center|ga, atlanta, worldwide|https://www.linkedin.com/jobs/view/4446760807
google|senior business systems analyst, supply chain systems|ga, atlanta, worldwide|https://www.linkedin.com/jobs/view/4443125342
google|technical program manager, ai enablement|ga, atlanta, worldwide|https://www.linkedin.com/jobs/view/4444039494
blackrock|associate, application engineer - atlanta|ga, atlanta, worldwide|https://www.linkedin.com/jobs/view/4440531991
meta|partner enablement manager  meta reality labs dach|munich, bavaria, germany|https://www.linkedin.com/jobs/view/4375506590
meta|display test engineer, optical metrology|regensburg, bavaria, germany|https://www.linkedin.com/jobs/view/4420783514
meta|agency solutions manager, dach (ste, 12 months)|hamburg, hamburg, germany|https://www.linkedin.com/jobs/view/4443690935
meta|agency partner, ste 12 months|hamburg, hamburg, germany|https://www.linkedin.com/jobs/view/4444102218
google|analytical consultant, digital first|berlin, berlin, germany|https://www.linkedin.com/jobs/view/4439876667
almedia|analytics engineer|berlin, germany|https://www.linkedin.com/jobs/view/4430960039
metro ag|supplier master data expert (all genders)|düsseldorf, north rhine-westphalia, germany|https://www.linkedin.com/jobs/view/4442595816
meta almanya|kurye|cologne, north rhine-westphalia, germany|https://www.linkedin.com/jobs/view/4444579310
google|analytical consultant, digital first|frankfurt am main, hesse, germany|https://www.linkedin.com/jobs/view/4439884257
metlen|business analyst - retail portfolio management|paiania, attiki, greece|https://www.linkedin.com/jobs/view/4444997077
block labs|business intelligence analyst|greece|https://www.linkedin.com/jobs/view/4416510546
meta|business support engineer|dublin, county dublin, ireland|https://www.linkedin.com/jobs/view/4444121961
meta|technical solutions consultant, meta business agent|dublin, county dublin, ireland|https://www.linkedin.com/jobs/view/4435656574
meta|business support engineer|dublin, county dublin, ireland|https://www.linkedin.com/jobs/view/4431568349
meta|account manager, uk & ireland|dublin, county dublin, ireland|https://www.linkedin.com/jobs/view/4441068965
meta|business support engineer|dublin, county dublin, ireland|https://www.linkedin.com/jobs/view/4431555587
meta|software developer, scaled ops ai acceleration team|dublin, county dublin, ireland|https://www.linkedin.com/jobs/view/4441893699
meta|account manager, smbg, israel|dublin, county dublin, ireland|https://www.linkedin.com/jobs/view/4443672313
meta|account manager, nordics|dublin, county dublin, ireland|https://www.linkedin.com/jobs/view/4438703005
meta|market specialist, thai|dublin, county dublin, ireland|https://www.linkedin.com/jobs/view/4443692898
meta|account manager, france|dublin, county dublin, ireland|https://www.linkedin.com/jobs/view/4443259292
tiktok|workforce & queue management analyst|dublin, county dublin, ireland|https://www.linkedin.com/jobs/view/4435827472
microsoft|technology consultant: graduate opportunities - french, german or spanish speaking|dublin, county dublin, ireland|https://www.linkedin.com/jobs/view/4438277712
meta|statutory accounting manager|dublin, county dublin, ireland|https://www.linkedin.com/jobs/view/4441889810
meta|lead counsel, global corporate|dublin, county dublin, ireland|https://www.linkedin.com/jobs/view/4441595210
web summit|growth operations specialist|dublin, county dublin, ireland|https://www.linkedin.com/jobs/view/4425497189
paypal|manager, data management & analysis|dublin, county dublin, ireland|https://www.linkedin.com/jobs/view/4421344813
google|senior engineering analyst|dublin, county dublin, ireland|https://www.linkedin.com/jobs/view/4444383284
xpate|business analyst|latvia, worldwide|https://www.linkedin.com/jobs/view/4410372125
mintos|junior product analyst|riga, riga, worldwide|https://www.linkedin.com/jobs/view/4401479482
evolution|produktu biznesa analītiķis / product business analyst|riga, riga, worldwide|https://www.linkedin.com/jobs/view/4440455037
prop firm match|marketing / growth analyst|lithuania, worldwide|https://www.linkedin.com/jobs/view/4425695522
reprise media|ai-driven digital performance analyst|vilnius, vilniaus, worldwide|https://www.linkedin.com/jobs/view/4431061938
prop firm match|product analyst|lithuania, worldwide|https://www.linkedin.com/jobs/view/4425911428
franmax|junior bi systems analyst|vilnius, vilniaus, worldwide|https://www.linkedin.com/jobs/view/4441520632
billo|business data analyst|vilnius, vilniaus, worldwide|https://www.linkedin.com/jobs/view/4421145643
sintra|product data analyst|vilnius, vilniaus, worldwide|https://www.linkedin.com/jobs/view/4440050015
mcb|informatieanalist|valkenswaard, north brabant, netherlands|https://www.linkedin.com/jobs/view/4437262133
metier|business intelligence specialist|oslo, norway|https://www.linkedin.com/jobs/view/4434523083
meta|marketing science partner cee|warsaw, mazowieckie, poland|https://www.linkedin.com/jobs/view/4440445203
meta|creative strategist, central and eastern europe (warsaw)|warsaw, mazowieckie, poland|https://www.linkedin.com/jobs/view/4437657637
meta|client solutions manager, tech apps|warsaw, mazowieckie, poland|https://www.linkedin.com/jobs/view/4384769254
meta|client partner, cee cross border|warsaw, mazowieckie, poland|https://www.linkedin.com/jobs/view/4439281975
mięta|analityk e-commerce|warsaw, mazowieckie, poland|https://www.linkedin.com/jobs/view/4145907425
google|marketing analyst, ads marketing, emea|warsaw, mazowieckie, poland|https://www.linkedin.com/jobs/view/4440774089
we are meta|business analyst (supply chain)|lisbon metropolitan area, worldwide|https://www.linkedin.com/jobs/view/4444954745
we are meta|data analytics engineer|portugal|https://www.linkedin.com/jobs/view/4444946941
we are meta|senior business analyst|porto, portugal|https://www.linkedin.com/jobs/view/4445961781
we are meta|senior data analyst|porto metropolitan area, worldwide|https://www.linkedin.com/jobs/view/4444957429
b2spin limited|digital analyst technical|romania|https://www.linkedin.com/jobs/view/4432829813
meta|marketing insights researcher|los angeles, canada|https://www.linkedin.com/jobs/view/4423624716
meta|data scientist (technical leadership)|los angeles, canada|https://www.linkedin.com/jobs/view/4434855788
meta|producer|los angeles, canada|https://www.linkedin.com/jobs/view/4442342509
meta|program manager|los angeles, canada|https://www.linkedin.com/jobs/view/4444136678
meta|software engineer, product|los angeles, canada|https://www.linkedin.com/jobs/view/4438496184
meta|producer|los angeles, canada|https://www.linkedin.com/jobs/view/4442341361
meta|creative coder|los angeles, canada|https://www.linkedin.com/jobs/view/4382798641
meta|program manager, local partnerships|los angeles, canada|https://www.linkedin.com/jobs/view/4441072790
meta|business affairs manager|los angeles, canada|https://www.linkedin.com/jobs/view/4439292445
meta|enterprise technical sales specialist (noram)|los angeles, canada|https://www.linkedin.com/jobs/view/4392273275
meta|video editor, creative x|los angeles, canada|https://www.linkedin.com/jobs/view/4441800081
meta|motion graphics designer, creative x|los angeles, canada|https://www.linkedin.com/jobs/view/4441586578
meta|strategic partnerships director, infrastructure hardware|los angeles, canada|https://www.linkedin.com/jobs/view/4422279091
meta|client solutions manager|los angeles, canada|https://www.linkedin.com/jobs/view/4443253476
meta|ai research scientist —generative ai for materials discovery|pasadena, canada|https://www.linkedin.com/jobs/view/4413306206
meta|research scientist, optical systems|pasadena, canada|https://www.linkedin.com/jobs/view/4439204770
mattel, inc.|it business analyst - global brand teams & commercial|el segundo, canada|https://www.linkedin.com/jobs/view/4445442679
meta|associate general counsel, ai partnerships|los angeles, canada|https://www.linkedin.com/jobs/view/4434841277
meta|brand designer, creative x|los angeles, canada|https://www.linkedin.com/jobs/view/4444109073
block labs|business intelligence analyst|serbia, worldwide|https://www.linkedin.com/jobs/view/4416521314
b2spin limited|digital analyst technical|serbia, worldwide|https://www.linkedin.com/jobs/view/4411673685
growmojo co.|web analyst|serbia, belgrade, worldwide|https://www.linkedin.com/jobs/view/4444805105
neo group|business analyst|serbia, belgrade, worldwide|https://www.linkedin.com/jobs/view/4428819361
meetminded|data lead (growth & analytics)|slovenia, worldwide|https://www.linkedin.com/jobs/view/4446773749
metrica|product owner / business analyst|madrid, community of madrid, spain|https://www.linkedin.com/jobs/view/4424412933
metrica|analista funcional|madrid, community of madrid, spain|https://www.linkedin.com/jobs/view/4405041426
parameta solutions|business analyst, parameta solutions|madrid, community of madrid, spain|https://www.linkedin.com/jobs/view/4347412707
mckinsey & company|business analyst - tech & ai|madrid, community of madrid, spain|https://www.linkedin.com/jobs/view/4447056308
gamblingcareers.com|business analyst|barcelona, catalonia, spain|https://www.linkedin.com/jobs/view/4445653431
metrica|business analyst - inglés alto|barcelona, catalonia, spain|https://www.linkedin.com/jobs/view/4406201358
king|senior product analyst|stockholm, stockholm county, sweden|https://www.linkedin.com/jobs/view/4444459190
modus x|business data analyst|ukraine|https://www.linkedin.com/jobs/view/4441970590
playtech|business analyst|ukraine|https://www.linkedin.com/jobs/view/4437751031
mojam|product analyst|kyivskyi district, kharkiv, ukraine|https://www.linkedin.com/jobs/view/4436481889
brainstack|data analyst|kyiv, kyiv city, ukraine|https://www.linkedin.com/jobs/view/4440589410
quarks tech|product analyst|kyiv, ukraine|https://www.linkedin.com/jobs/view/4391548088
appflame|junior product analyst|kyiv, kyiv city, ukraine|https://www.linkedin.com/jobs/view/4438648837
quarks tech|product analyst|ukraine|https://www.linkedin.com/jobs/view/4410705034
fidel group|product / data analyst|ukraine|https://www.linkedin.com/jobs/view/4444326835
united tech|marketing analyst (mobile acquisition)|kyiv, kyiv city, ukraine|https://www.linkedin.com/jobs/view/4446832475
meta|business engineer|london, england, united kingdom|https://www.linkedin.com/jobs/view/4436662426
meta|technical solutions consultant, meta business agent|london, england, united kingdom|https://www.linkedin.com/jobs/view/4435645924
meta|partner engineer|london, england, united kingdom|https://www.linkedin.com/jobs/view/4443609163
meta|business support engineer|london, england, united kingdom|https://www.linkedin.com/jobs/view/4438798915
meta|qa engineering lead|london, england, united kingdom|https://www.linkedin.com/jobs/view/4438050529
meta|channel operations account manager|london, england, united kingdom|https://www.linkedin.com/jobs/view/4435630443
meta|product designer|london, england, united kingdom|https://www.linkedin.com/jobs/view/4444128806
meta|hr business partner, aai|london, england, united kingdom|https://www.linkedin.com/jobs/view/4444251955
meta|enterprise technical sales specialist, emea|london, england, united kingdom|https://www.linkedin.com/jobs/view/4443676222
meta|software engineer, product|london, england, united kingdom|https://www.linkedin.com/jobs/view/4443730769
tiktok|business intelligence analyst, gbm|london, england, united kingdom|https://www.linkedin.com/jobs/view/4439499731
universal music group|technical business analyst|london, england, united kingdom|https://www.linkedin.com/jobs/view/4438804307
universal music group uk|technical business analyst|london, england, united kingdom|https://www.linkedin.com/jobs/view/4438806206
meta|lead counsel, global corporate|london, england, united kingdom|https://www.linkedin.com/jobs/view/4441580855
tiktok|strategy analyst, governance and experience - tiktok shop|london, england, united kingdom|https://www.linkedin.com/jobs/view/4439100486
tiktok|tiktok shop - strategy & operations associate, business planning & operations, uk|london, england, united kingdom|https://www.linkedin.com/jobs/view/4435245668
blockchain.com|business analyst|london area, united kingdom|https://www.linkedin.com/jobs/view/4436792562
king|senior principal business analyst|london, england, united kingdom|https://www.linkedin.com/jobs/view/4441997182
pret a manger|ai business analyst|london area, united kingdom|https://www.linkedin.com/jobs/view/4446806566
quantum systems|business data partner (m/f/d)|berlin, berlin, germany|https://www.linkedin.com/jobs/view/4439828833
google|analytical consultant, digital first|hamburg, hamburg, germany|https://www.linkedin.com/jobs/view/4439893087
united tech|marketing analyst|kyiv, kyiv city, ukraine|https://www.linkedin.com/jobs/view/4384397065
miratech|junior data-business analyst|brovary, kyiv, ukraine|https://www.linkedin.com/jobs/view/4441811038
boosters|product data analyst|kyiv, kyiv city, ukraine|https://www.linkedin.com/jobs/view/4446522782
appflame|middle marketing analyst - marketing|kyiv, kyiv city, ukraine|https://www.linkedin.com/jobs/view/4438645832
miratech|junior data-business analyst|borispol’, kyiv, ukraine|https://www.linkedin.com/jobs/view/4441801606
metrica|analista funcional de medios de pago 100% remoto|madrid, community of madrid, spain|https://www.linkedin.com/jobs/view/4377761129
matalan|ecommerce data analyst|liverpool, england, united kingdom|https://www.linkedin.com/jobs/view/4409926774
tiktok|tiktok shop - analyst|munich, bavaria, germany|https://www.linkedin.com/jobs/view/4441792361
hologate|qa analyst (w/d/m)|munich, bavaria, germany|https://www.linkedin.com/jobs/view/4441094483
holidaycheck|business analyst - media (all genders)|munich, bavaria, germany|https://www.linkedin.com/jobs/view/4419859811
meta|financial accountant — international statutory controllership|dublin, county dublin, ireland|https://www.linkedin.com/jobs/view/4442300443
meta|regulatory readiness program manager, integrity|dublin, county dublin, ireland|https://www.linkedin.com/jobs/view/4444258682
block labs|business intelligence analyst|malta, worldwide|https://www.linkedin.com/jobs/view/4409960081
b2spin limited|digital analyst technical|malta, worldwide|https://www.linkedin.com/jobs/view/4402937974
platin gaming ltd.|business analyst|malta, worldwide|https://www.linkedin.com/jobs/view/4415612746
patrianna|marketing analyst|sliema, sliema, worldwide|https://www.linkedin.com/jobs/view/4362051239
meta|postdoctoral researcher (phd) - fair - core learning|paris, île-de-france, france|https://www.linkedin.com/jobs/view/4443672311
platin gaming ltd.|marketing analyst|malta, worldwide|https://www.linkedin.com/jobs/view/4415497826
metro deutschland gmbh|pricing analyst (m/w/d)|düsseldorf, north rhine-westphalia, germany|https://www.linkedin.com/jobs/view/4440509362
eeze|business analyst|malta, birkirkara, worldwide|https://www.linkedin.com/jobs/view/4437553632
tain|business analyst|malta, birkirkara, worldwide|https://www.linkedin.com/jobs/view/4437550852
tain|product business analyst|malta, birkirkara, worldwide|https://www.linkedin.com/jobs/view/4445137875
google|network implementation engineer|kronstorf, upper austria, austria|https://www.linkedin.com/jobs/view/4439871107
google|research scientist, genai, graph mining|vienna, vienna, austria|https://www.linkedin.com/jobs/view/4439129797
google|data center facilities technician, mechanical|kronstorf, upper austria, austria|https://www.linkedin.com/jobs/view/4430556174
google|data center facilities technician i, controls|kronstorf, upper austria, austria|https://www.linkedin.com/jobs/view/4445748550
google|it infrastructure engineer (it-infrastrukturtechniker), ai infrastructure|kronstorf, upper austria, austria|https://www.linkedin.com/jobs/view/4419092014
google|data center facilities technician, electrical (german, english)|kronstorf, upper austria, austria|https://www.linkedin.com/jobs/view/4437579032
google|research scientist, genai, graph mining|austria|https://www.linkedin.com/jobs/view/4439887978
google|water treatment technician, data centers|kronstorf, upper austria, austria|https://www.linkedin.com/jobs/view/4437561831
google|data center facilities technician, mechanical (german)|kronstorf, upper austria, austria|https://www.linkedin.com/jobs/view/4444606017
google|controls technician (automatisierungstechniker/msr-techniker) (german)|kronstorf, upper austria, austria|https://www.linkedin.com/jobs/view/4435453403
google|program manager, dcops spares readiness|saint-ghislain, walloon region, belgium|https://www.linkedin.com/jobs/view/4446779810
google|network implementation engineer|saint-ghislain, walloon region, belgium|https://www.linkedin.com/jobs/view/4439849889
google|data center technician iii, global server operations|saint-ghislain, walloon region, belgium|https://www.linkedin.com/jobs/view/4437579015
google|data center technician iii, global server operations|farciennes, walloon region, belgium|https://www.linkedin.com/jobs/view/4437576191
google|gdc csrm environmental and energy management systems program manager|saint-ghislain, walloon region, belgium|https://www.linkedin.com/jobs/view/4445732830
google|controls technician (technicien de régulation et automatisme)|saint-ghislain, walloon region, belgium|https://www.linkedin.com/jobs/view/4438323907
google|facilities manager, data center operations (english, french)|farciennes, walloon region, belgium|https://www.linkedin.com/jobs/view/4444160463
google|facilities manager, data center operations (english, french)|saint-ghislain, walloon region, belgium|https://www.linkedin.com/jobs/view/4444145756
google|strategic outreach and visits manager|brussels, brussels region, belgium|https://www.linkedin.com/jobs/view/4446798061
google|it infrastructure engineer (technicien systèmes et réseaux)|saint-ghislain, walloon region, belgium|https://www.linkedin.com/jobs/view/4425077788
google|field sales account manager, google cloud|sofia, sofia city, worldwide|https://www.linkedin.com/jobs/view/4444325663
a1 bulgaria|it business analyst|sofia, sofia city, worldwide|https://www.linkedin.com/jobs/view/4423513231
google|program manager, dcops spares readiness|fredericia, region of southern denmark, denmark|https://www.linkedin.com/jobs/view/4446779809
google|customer engineer, google distributed cloud, emea|copenhagen, capital region of denmark, denmark|https://www.linkedin.com/jobs/view/4445742769
google|data center technician ii, global server operations|fredericia, region of southern denmark, denmark|https://www.linkedin.com/jobs/view/4444014933
google|data center operations manager|fredericia, region of southern denmark, denmark|https://www.linkedin.com/jobs/view/4444015598
google|data center technician iii, global server operations|fredericia, region of southern denmark, denmark|https://www.linkedin.com/jobs/view/4443130196
google|data center facilities technician, mechanical ii|fredericia, region of southern denmark, denmark|https://www.linkedin.com/jobs/view/4443819549
google|data center facilities technician ii, electrical|fredericia, region of southern denmark, denmark|https://www.linkedin.com/jobs/view/4440741736
google|data center facilities technician i, mechanical|fredericia, region of southern denmark, denmark|https://www.linkedin.com/jobs/view/4440224253
google|software engineer iii, kotlin, compiler|aarhus, central denmark region, denmark|https://www.linkedin.com/jobs/view/4442652862
google|data center engineer, electrical engineering|denmark|https://www.linkedin.com/jobs/view/4442205947
google|program manager, dcops spares readiness|hamina, kymenlaakso, finland|https://www.linkedin.com/jobs/view/4446797604
google|ai customer engineer, nordics, cloud ai tech gtm|helsinki, uusimaa, finland|https://www.linkedin.com/jobs/view/4443179118
google|data center technician ii|hamina, kymenlaakso, finland|https://www.linkedin.com/jobs/view/4437561835
google|data center engineer, electrical engineering|finland|https://www.linkedin.com/jobs/view/4442624887
google|gdc csrm environmental and energy management systems program manager|hamina, kymenlaakso, finland|https://www.linkedin.com/jobs/view/4445748553
google|data center electrical engineer|finland|https://www.linkedin.com/jobs/view/4438336209
google|technical program manager, data center/construction|finland|https://www.linkedin.com/jobs/view/4446774962
google|construction ehs program manager|hamina, kymenlaakso, finland|https://www.linkedin.com/jobs/view/4437558934
google|data center mechanical engineer i|finland|https://www.linkedin.com/jobs/view/4445787281
google|founder advocate, emea startup, google cloud|paris, île-de-france, france|https://www.linkedin.com/jobs/view/4437593541
google|customer engineer, agentic workplace transformation, google cloud|paris, île-de-france, france|https://www.linkedin.com/jobs/view/4442646013
google|customer engineer, google distributed cloud, emea|paris, île-de-france, france|https://www.linkedin.com/jobs/view/4445744699
google|field sales representative, retail|paris, île-de-france, france|https://www.linkedin.com/jobs/view/4444327549
google deepmind|research scientist, gemini data, deepmind|paris, île-de-france, france|https://www.linkedin.com/jobs/view/4437570592
google|administrative business partner, cloud sales (french, english)|paris, île-de-france, france|https://www.linkedin.com/jobs/view/4445188214
google|associate product marketing manager (english, french)|paris, île-de-france, france|https://www.linkedin.com/jobs/view/4440214726
google deepmind|software engineer, genai silicon automation, deepmind|paris, île-de-france, france|https://www.linkedin.com/jobs/view/4435267568
pyl.tech|consultant low code / no code - appsheet expert|paris, île-de-france, france|https://www.linkedin.com/jobs/view/4429661641
pyl.tech|consultant low code / no code - appsheet expert|paris, île-de-france, france|https://www.linkedin.com/jobs/view/4440664846
google|startups performance lead, google cloud|ga, atlanta, worldwide|https://www.linkedin.com/jobs/view/4437599315
google|customer solutions engineer iii|ga, atlanta, worldwide|https://www.linkedin.com/jobs/view/4443243310
google|technical account manager associate, google cloud consulting, multiple|ga, atlanta, worldwide|https://www.linkedin.com/jobs/view/4439929198
google|partner strategy and operations lead, google cloud|ga, atlanta, worldwide|https://www.linkedin.com/jobs/view/4438336207
google|technical account manager, google cloud consulting|ga, atlanta, worldwide|https://www.linkedin.com/jobs/view/4443695734
google|technical account manager, google cloud consulting|ga, atlanta, worldwide|https://www.linkedin.com/jobs/view/4439997238
google|customer intelligence manager, google cloud, gtm|ga, atlanta, worldwide|https://www.linkedin.com/jobs/view/4443165764
google|delivery executive, google cloud|ga, atlanta, worldwide|https://www.linkedin.com/jobs/view/4445100000
google|operations management|ga, atlanta, worldwide|https://www.linkedin.com/jobs/view/4445413000
google|customer engineer, databases, google public sector|ga, atlanta, worldwide|https://www.linkedin.com/jobs/view/4440686509
google|technical program manager ii, spares readiness, data center operations|ga, lithia springs, worldwide|https://www.linkedin.com/jobs/view/4446785774
google|product solutions manager, google home|ga, atlanta, worldwide|https://www.linkedin.com/jobs/view/4444396900
google|workspace customer engineer ii, platform, new business, google cloud|ga, atlanta, worldwide|https://www.linkedin.com/jobs/view/4437567650
google|legal program manager, cloud|ga, atlanta, worldwide|https://www.linkedin.com/jobs/view/4443142529
google|account manager ii, smb, google cloud (english)|ga, atlanta, worldwide|https://www.linkedin.com/jobs/view/4437562905
google|program manager iii, data management, google data centers|ga, atlanta, worldwide|https://www.linkedin.com/jobs/view/4443119677
google|business operations program manager|hanau am main, hesse, germany|https://www.linkedin.com/jobs/view/4442027232
google|solutions architect, digital platforms, google cloud|munich, bavaria, germany|https://www.linkedin.com/jobs/view/4434139115
google|solutions architect, digital platforms, google cloud|frankfurt am main, hesse, germany|https://www.linkedin.com/jobs/view/4435010586
google|customer engineer, platform, software and media, dach (german)|berlin, berlin, germany|https://www.linkedin.com/jobs/view/4435456222
google|ai sales specialist, sap, google cloud|berlin, berlin, germany|https://www.linkedin.com/jobs/view/4435455224
google|ai infrastructure engineer|berlin, berlin, germany|https://www.linkedin.com/jobs/view/4446798056
google|customer engineer, sovereignty (german, english)|frankfurt am main, hesse, germany|https://www.linkedin.com/jobs/view/4437596509
google|customer engineer, platform, public sector, google cloud|munich, bavaria, germany|https://www.linkedin.com/jobs/view/4437578097
google|customer engineer, sovereignty, google cloud (german, english)|munich, bavaria, germany|https://www.linkedin.com/jobs/view/4445157455
google|customer engineer, sovereignty (german, english)|berlin, berlin, germany|https://www.linkedin.com/jobs/view/4437564783
google|customer engineer, sovereignty, google cloud (german, english)|frankfurt am main, hesse, germany|https://www.linkedin.com/jobs/view/4445152484
google|customer engineer, sovereignty, google cloud (german, english)|hamburg, hamburg, germany|https://www.linkedin.com/jobs/view/4445170349
google|account executive, new business sales, central europe (english, greek)|hamburg, hamburg, germany|https://www.linkedin.com/jobs/view/4439880378
google|customer engineer, sovereignty (german, english)|munich, bavaria, germany|https://www.linkedin.com/jobs/view/4437557850
google|enterprise account executive, google cloud, dach|munich, bavaria, germany|https://www.linkedin.com/jobs/view/4445743757
google|customer engineer, sovereignty (german, english)|hamburg, hamburg, germany|https://www.linkedin.com/jobs/view/4437579060
google|field sales account manager, google cloud|athens, attiki, greece|https://www.linkedin.com/jobs/view/4444329511
accenture greece|digital business analyst|athens, attiki, greece|https://www.linkedin.com/jobs/view/4408916843
gek terna group of companies|business analyst|athens, attiki, greece|https://www.linkedin.com/jobs/view/4436731521
accenture greece|business analyst for newra, part of accenture|athens, attiki, greece|https://www.linkedin.com/jobs/view/4436262513
accenture greece|business analyst for arηs greece, part of accenture|athens, attiki, greece|https://www.linkedin.com/jobs/view/4440295254
alpha bank|digital business analysis specialist|greece|https://www.linkedin.com/jobs/view/4435477623
pwc greece|business analyst (data engineering)|athens, attiki, greece|https://www.linkedin.com/jobs/view/4433946300
ey|business analyst for technology consulting|athens, attiki, greece|https://www.linkedin.com/jobs/view/4320169437
google|global business solutions, cross-border operations consultant|dublin, county dublin, ireland|https://www.linkedin.com/jobs/view/4440230009
google|international growth consultant (english)|dublin, county dublin, ireland|https://www.linkedin.com/jobs/view/4435239081
google|customer engineer, smb, scaled, artificial intelligence|dublin, county dublin, ireland|https://www.linkedin.com/jobs/view/4437567644
google|ads solutions engineer, gtech|dublin, county dublin, ireland|https://www.linkedin.com/jobs/view/4430561129
google|senior analyst, trust and safety|dublin, county dublin, ireland|https://www.linkedin.com/jobs/view/4446949381
google|technical program manager, google cloud platform reliability|dublin, county dublin, ireland|https://www.linkedin.com/jobs/view/4443819543
google|technical program manager, data center expansion|dublin, county dublin, ireland|https://www.linkedin.com/jobs/view/4442240321
google|technical program manager, metro planner|dublin, county dublin, ireland|https://www.linkedin.com/jobs/view/4445748554
google|sales specialist, google workspace|dublin, county dublin, ireland|https://www.linkedin.com/jobs/view/4446775942
google|regional product lead, agency, measurement, psa, emea (english)|dublin, county dublin, ireland|https://www.linkedin.com/jobs/view/4445719894
google|network operations engineer, gen operations|dublin, county dublin, ireland|https://www.linkedin.com/jobs/view/4438338161
google|regional product lead, diversification, psa (english, french)|dublin, county dublin, ireland|https://www.linkedin.com/jobs/view/4445708966
google|accelerated growth consultant, google customer solution (english, dutch)|dublin, county dublin, ireland|https://www.linkedin.com/jobs/view/4440207235
google|lead technical program manager, production 2020|dublin, county dublin, ireland|https://www.linkedin.com/jobs/view/4444021127
google|accelerated growth consultant, google customer solutions, uki|dublin, county dublin, ireland|https://www.linkedin.com/jobs/view/4444168268
google|account strategist, smb sales, gcs, cee (english, romanian)|dublin, county dublin, ireland|https://www.linkedin.com/jobs/view/4437578082
google|strategy and operations principal lead, gtech ads programs, gtm|dublin, county dublin, ireland|https://www.linkedin.com/jobs/view/4437573464
google|regional customer and engagement lead, google cloud consulting|milan, lombardy, italy|https://www.linkedin.com/jobs/view/4444318732
salmon group ltd|system analyst (bpmn)|kazakhstan, worldwide|https://www.linkedin.com/jobs/view/4387732259
salmon group ltd|system analyst — payments & finance operations|kazakhstan, worldwide|https://www.linkedin.com/jobs/view/4428433296
salmon group ltd|system analyst (payment gate)|kazakhstan, worldwide|https://www.linkedin.com/jobs/view/4391180984
salmon group ltd|business/system analyst (customer data & core banking operations)|kazakhstan, worldwide|https://www.linkedin.com/jobs/view/4428429345
glovo|senior analyst supply operations, kazakhstan|almaty, almaty, worldwide|https://www.linkedin.com/jobs/view/4444882661
salmon group ltd|system analyst (offline distribution)|kazakhstan, worldwide|https://www.linkedin.com/jobs/view/4392877659
gocardless|data analyst ii|latvia, riga, worldwide|https://www.linkedin.com/jobs/view/4406638481
google|industry manager, large customer sales (english)|vilnius, vilniaus, worldwide|https://www.linkedin.com/jobs/view/4440791443
girteka|systems analyst|vilnius, vilniaus, worldwide|https://www.linkedin.com/jobs/view/4441885826
girteka|systems analyst|vilnius, vilniaus, worldwide|https://www.linkedin.com/jobs/view/4442305128
open|it business analyst h/f|luxembourg, luxembourg|https://www.linkedin.com/jobs/view/4389772122
google|security sales specialist, cloud|amsterdam, north holland, netherlands|https://www.linkedin.com/jobs/view/4437579028
google|data center technician ii, server operations|groningen, groningen, netherlands|https://www.linkedin.com/jobs/view/4443130194
google|network implementation engineer iii|eemshaven, groningen, netherlands|https://www.linkedin.com/jobs/view/4439909232
google|hr consultant, onsite data center (english, dutch)|eemshaven, groningen, netherlands|https://www.linkedin.com/jobs/view/4442663292
google|data center manager, server operations|eemshaven, groningen, netherlands|https://www.linkedin.com/jobs/view/4431829766
google|it infrastructure engineer (ict infrastructuur specialist), global server operations|eemshaven, groningen, netherlands|https://www.linkedin.com/jobs/view/4424546255
google|data center technician iii, global server operations|eemshaven, groningen, netherlands|https://www.linkedin.com/jobs/view/4387117338
google|administrative business partner (dutch, english)|eemshaven, groningen, netherlands|https://www.linkedin.com/jobs/view/4445174392
google|gdc csrm environmental and energy management systems program manager|eemshaven, groningen, netherlands|https://www.linkedin.com/jobs/view/4445725949
google|gdc csrm environmental and energy management systems program manager|winschoten, groningen, netherlands|https://www.linkedin.com/jobs/view/4445743753
google|program manager, dcops spares readiness|skien, vestfold og telemark, norway|https://www.linkedin.com/jobs/view/4446778902
google|data center technician, global server operations|skien, vestfold og telemark, norway|https://www.linkedin.com/jobs/view/4440731992
google|ads solutions engineer, gtech|warsaw, mazowieckie, poland|https://www.linkedin.com/jobs/view/4430556176
google|delivery architect, google cloud|warsaw, mazowieckie, poland|https://www.linkedin.com/jobs/view/4443172471
google|delivery architect, google cloud|wrocław, dolnośląskie, poland|https://www.linkedin.com/jobs/view/4443165772
google|cloud web application engineer|warsaw, mazowieckie, poland|https://www.linkedin.com/jobs/view/4444349175
google|partner solution architect, regional system integrators|warsaw, mazowieckie, poland|https://www.linkedin.com/jobs/view/4431841273
google|technical program manager, compliance and security enablement|warsaw, mazowieckie, poland|https://www.linkedin.com/jobs/view/4440678763
google|principal architect, financial services institution, google cloud (english, polish)|warsaw, mazowieckie, poland|https://www.linkedin.com/jobs/view/4447217037
google|software engineer iii, managed airflow|warsaw, mazowieckie, poland|https://www.linkedin.com/jobs/view/4442029680
google|digital marketing strategist, gtech ads, gcs (french, english)|warsaw, mazowieckie, poland|https://www.linkedin.com/jobs/view/4446426771
google|software engineer iii, ai agents|warsaw, mazowieckie, poland|https://www.linkedin.com/jobs/view/4437569608
google|measurement implementation expert, gtech ads gcs (german)|warsaw, mazowieckie, poland|https://www.linkedin.com/jobs/view/4442070538
google|customer engineer security, google cloud security sales|warsaw, mazowieckie, poland|https://www.linkedin.com/jobs/view/4444163351
google|regional customer and engagement lead, google cloud consulting|warsaw, mazowieckie, poland|https://www.linkedin.com/jobs/view/4444336428
google|digital marketing strategist, gtech ads gcs (polish, english)|warsaw, mazowieckie, poland|https://www.linkedin.com/jobs/view/4442082913
google|software engineer iii, agent development lifecycle|warsaw, mazowieckie, poland|https://www.linkedin.com/jobs/view/4440754913
google|head of smb growth, central europe|cracow, małopolskie, poland|https://www.linkedin.com/jobs/view/4442286832
google|product manager ii, wear os|bucharest, bucharest, romania|https://www.linkedin.com/jobs/view/4439430366
google|field sales account manager, google cloud|bucharest, bucharest, romania|https://www.linkedin.com/jobs/view/4444323593
google|software engineer iii, android settings|bucharest, bucharest, romania|https://www.linkedin.com/jobs/view/4441347342
google|staff technical lead health features, backend, data infrastructure|bucharest, bucharest, romania|https://www.linkedin.com/jobs/view/4442668180
garmin cluj|business analyst  garmin dive team|cluj-napoca, cluj, romania|https://www.linkedin.com/jobs/view/4410968939
google|product manager, operations solutions, gtech|irvine, canada|https://www.linkedin.com/jobs/view/4444116152
google|strategy and operations lead|los angeles, canada|https://www.linkedin.com/jobs/view/4442062880
google|technical account manager, google cloud consulting|los angeles, canada|https://www.linkedin.com/jobs/view/4439982656
google|technical account manager, google cloud consulting|los angeles, canada|https://www.linkedin.com/jobs/view/4441338605
google|gtech product deployment engineer|los angeles, canada|https://www.linkedin.com/jobs/view/4440243524
google|ux designer, gup|irvine, canada|https://www.linkedin.com/jobs/view/4441185878
google|business effectiveness lead, google services|los angeles, canada|https://www.linkedin.com/jobs/view/4439166187
google|global product lead, product growth areas and product adoption reporting|los angeles, canada|https://www.linkedin.com/jobs/view/4435828642
google|associate business development lead|los angeles, canada|https://www.linkedin.com/jobs/view/4434613146
google|research operations manager, market intelligence|los angeles, canada|https://www.linkedin.com/jobs/view/4439417222
google|staff ux quantitative researcher, search|los angeles, canada|https://www.linkedin.com/jobs/view/4444029654
google|executive engagement lead|los angeles, canada|https://www.linkedin.com/jobs/view/4441350193
google|global product solutions lead, measurement and data strength|los angeles, canada|https://www.linkedin.com/jobs/view/4442030641
google|learning design specialist, gboedu|los angeles, canada|https://www.linkedin.com/jobs/view/4444573359
google|product deployment engineer, gtech ads lcs|los angeles, canada|https://www.linkedin.com/jobs/view/4445191186
google|strategic partner development senior associate, smart home|los angeles, canada|https://www.linkedin.com/jobs/view/4439847379
google|head of commercial insights and analytics, gtm|los angeles, canada|https://www.linkedin.com/jobs/view/4437570624
google|account manager, media and entertainment partnerships|los angeles, canada|https://www.linkedin.com/jobs/view/4443819552
google|performance specialist, retail, large customer sales|los angeles, canada|https://www.linkedin.com/jobs/view/4446064778
gategroup|business intelligence analyst|serbia, belgrade, worldwide|https://www.linkedin.com/jobs/view/4438708769
gategroup|the d365 systems analyst|serbia, belgrade, worldwide|https://www.linkedin.com/jobs/view/4437672479
accenture na slovensku|junior ai business analyst|bratislava, bratislava, worldwide|https://www.linkedin.com/jobs/view/4403634474
greyson|junior konzultant|slovakia, bratislava, worldwide|https://www.linkedin.com/jobs/view/4437654353
google|software engineer ii, threat intelligence|málaga, andalusia, spain|https://www.linkedin.com/jobs/view/4437571620
google|customer engineer, google distributed cloud, emea|madrid, community of madrid, spain|https://www.linkedin.com/jobs/view/4445740790
google|software engineer iii, gti|málaga, andalusia, spain|https://www.linkedin.com/jobs/view/4435430626
google|software engineer iii, google cloud, google threat intelligence|málaga, andalusia, spain|https://www.linkedin.com/jobs/view/4440762689
google|security engineer, product, cloud ciso|málaga, andalusia, spain|https://www.linkedin.com/jobs/view/4445727924
google|associate product marketing manager (english)|madrid, community of madrid, spain|https://www.linkedin.com/jobs/view/4440752989
google|regional customer and engagement lead, google cloud consulting|madrid, community of madrid, spain|https://www.linkedin.com/jobs/view/4444331512
google|field sales representative, financial services, google cloud|madrid, community of madrid, spain|https://www.linkedin.com/jobs/view/4446426772
google|software engineer iii, ai/ml, threat intelligence|málaga, andalusia, spain|https://www.linkedin.com/jobs/view/4437556942
google|customer engineer, security, google cloud (english, spanish)|madrid, community of madrid, spain|https://www.linkedin.com/jobs/view/4435242842
google|customer engineer, google cloud sweden|stockholm, stockholm county, sweden|https://www.linkedin.com/jobs/view/4445163409
google|google for education, solutions engineer|stockholm, stockholm county, sweden|https://www.linkedin.com/jobs/view/4440737860
google|business operations program manager, global data centers (swedish, english)|horndal, dalarna county, sweden|https://www.linkedin.com/jobs/view/4440206936
google|ai customer engineer, nordics, cloud ai tech gtm|stockholm, stockholm county, sweden|https://www.linkedin.com/jobs/view/4443156986
google|data center facilities technician, generators|horndal, dalarna county, sweden|https://www.linkedin.com/jobs/view/4438325649
google|data center facilities technician, controls|horndal, dalarna county, sweden|https://www.linkedin.com/jobs/view/4438340071
google|data center facilities technician, mechanical|horndal, dalarna county, sweden|https://www.linkedin.com/jobs/view/4439908278
google|gdc csrm environmental and energy management systems program manager|stockholm, stockholm county, sweden|https://www.linkedin.com/jobs/view/4445746658
google|data center security manager|horndal, dalarna county, sweden|https://www.linkedin.com/jobs/view/4441302200
google|third party data center technical operations manager, facilities/maintenance|stockholm, stockholm county, sweden|https://www.linkedin.com/jobs/view/4437900125
google|apprenticeship in digital business, entwickler:in efz, august 2027|zurich, zurich, switzerland|https://www.linkedin.com/jobs/view/4434601749
google|ux designer, ads|zurich, zurich, switzerland|https://www.linkedin.com/jobs/view/4437578079
google|software engineer iii, business home|zurich, zurich, switzerland|https://www.linkedin.com/jobs/view/4437584795
google|apprenticeship in application development, informatiker:in efz applikationsentwicklung, august 2027|zurich, zurich, switzerland|https://www.linkedin.com/jobs/view/4434606474
google|forward deployed engineer i, google cloud consulting (french, german)|zurich, zurich, switzerland|https://www.linkedin.com/jobs/view/4432661246
google|software engineer ii, genai safety, google core|zurich, zurich, switzerland|https://www.linkedin.com/jobs/view/4446410471
google|enterprise account executive, google cloud, dach|zurich, zurich, switzerland|https://www.linkedin.com/jobs/view/4445726905
google|customer engineer security, google cloud security sales|zurich, zurich, switzerland|https://www.linkedin.com/jobs/view/4444162352
google|security engineer, detection and response, infrastructure threats|zurich, zurich, switzerland|https://www.linkedin.com/jobs/view/4437578071
google deepmind|senior data scientist, geminiapp, deepmind|zurich, zurich, switzerland|https://www.linkedin.com/jobs/view/4439153541
google|software engineer iii, search ads, quality and ai|zurich, zurich, switzerland|https://www.linkedin.com/jobs/view/4437565727
google|staff software engineer, merchant shopping, local inventory|zurich, zurich, switzerland|https://www.linkedin.com/jobs/view/4437564775
google|government affairs and public policy manager (turkish, english)|greater istanbul, worldwide|https://www.linkedin.com/jobs/view/4437577173
google|customer engineer, google cloud platform (english, ukranian)|kyiv, ukraine|https://www.linkedin.com/jobs/view/4435234329
globallogic|trainee business analyst irc296220|lviv, lviv, ukraine|https://www.linkedin.com/jobs/view/4424426216
google|industry head (english, ukrainian)|kyiv, ukraine|https://www.linkedin.com/jobs/view/4437583830
grid dynamics|business system analyst|ukraine|https://www.linkedin.com/jobs/view/4443267285
google|innovation consultant, google cloud consulting|london, england, united kingdom|https://www.linkedin.com/jobs/view/4441199527
google|financial analyst, emea gbo central finance|london, england, united kingdom|https://www.linkedin.com/jobs/view/4445723724
google|customer engineer, uk/ie startups|london, england, united kingdom|https://www.linkedin.com/jobs/view/4445185983
google|business operations manager, partnerships|london, england, united kingdom|https://www.linkedin.com/jobs/view/4444370482
google|solutions architect, digital platforms, google cloud|london, england, united kingdom|https://www.linkedin.com/jobs/view/4434136185
google|ai infrastructure engineer|london, england, united kingdom|https://www.linkedin.com/jobs/view/4446776882
google|product manager, android app performance|london, england, united kingdom|https://www.linkedin.com/jobs/view/4435468441
google|global financial analyst|london, england, united kingdom|https://www.linkedin.com/jobs/view/4438319919
google|founder advocate, emea startup, google cloud|london, england, united kingdom|https://www.linkedin.com/jobs/view/4437587677
google|google for education, solutions engineer|london, england, united kingdom|https://www.linkedin.com/jobs/view/4440734976
google|senior technical advisor, emea customer engineering|london, england, united kingdom|https://www.linkedin.com/jobs/view/4439425768
google|cloud enterprise architect, professional services, google cloud|london, england, united kingdom|https://www.linkedin.com/jobs/view/4445144564
google|ai outcome customer engineer, cloud ai tech gtm|london, england, united kingdom|https://www.linkedin.com/jobs/view/4434663674
google|cloud success architect, gdc air-gapped|london, england, united kingdom|https://www.linkedin.com/jobs/view/4442654695
google|outcome customer engineer, google cloud platform delivery|london, england, united kingdom|https://www.linkedin.com/jobs/view/4435469436
google|head of strategy and operations, google cloud, gtm|london, england, united kingdom|https://www.linkedin.com/jobs/view/4444102477
google|strategic partner development manager, ai pureplay|london, england, united kingdom|https://www.linkedin.com/jobs/view/4445160438
google|senior intelligence analyst, google intelligence service delivery|united kingdom|https://www.linkedin.com/jobs/view/4425839060
google|senior product solutions engineer, genai|london, england, united kingdom|https://www.linkedin.com/jobs/view/4443128228
google|key account executive, cloud, uki cloud sales, ce, retail, travel and consumer|london, england, united kingdom|https://www.linkedin.com/jobs/view/4442038347
google|facilities manager, data center operations|fredericia, region of southern denmark, denmark|https://www.linkedin.com/jobs/view/4437565718
google|customer engineer, platform, public sector, google cloud|berlin, berlin, germany|https://www.linkedin.com/jobs/view/4437571628
google|customer engineer, sovereignty (german, english)|berlin, berlin, germany|https://www.linkedin.com/jobs/view/4437594544
google|customer engineer, sovereignty, google cloud (german, english)|berlin, berlin, germany|https://www.linkedin.com/jobs/view/4445163411
google|strategic outreach and visits manager|berlin, berlin, germany|https://www.linkedin.com/jobs/view/4446776884
google|ai sales lead for start-ups|berlin, berlin, germany|https://www.linkedin.com/jobs/view/4435437894
google|hr consultant, googler experience|cracow, małopolskie, poland|https://www.linkedin.com/jobs/view/4442090596
google|software engineer iii, laptops and tablets infrastructure|cracow, małopolskie, poland|https://www.linkedin.com/jobs/view/4438337165
google|mobile technical lead, rcs for business|cracow, małopolskie, poland|https://www.linkedin.com/jobs/view/4437564747
google|senior technical leader, easysaas|cracow, małopolskie, poland|https://www.linkedin.com/jobs/view/4446066728
google|software engineer iii, engineering and technical program management|cracow, małopolskie, poland|https://www.linkedin.com/jobs/view/4435440869
google|software engineering manager, android and business communication data engineering|cracow, małopolskie, poland|https://www.linkedin.com/jobs/view/4446902734
google|software engineering manager, google messages wear|cracow, małopolskie, poland|https://www.linkedin.com/jobs/view/4435064104
crystalloids - google cloud partner|analytics engineer (google cloud)|rotterdam, south holland, netherlands|https://www.linkedin.com/jobs/view/4446540909
ofgem|business analyst|glasgow, scotland, united kingdom|https://www.linkedin.com/jobs/view/4432344723
opencast  b corp™|business analyst - consultant|edinburgh, scotland, united kingdom|https://www.linkedin.com/jobs/view/4440423804
gios technology|business data analyst|glasgow city, scotland, united kingdom|https://www.linkedin.com/jobs/view/4446742565
google|customer engineer, platform, software and media, dach (german)|frankfurt am main, hesse, germany|https://www.linkedin.com/jobs/view/4435459169
google|ai sales specialist, sap, google cloud|frankfurt, hesse, germany|https://www.linkedin.com/jobs/view/4435458188
google|customer engineer, sovereignty (german, english)|frankfurt am main, hesse, germany|https://www.linkedin.com/jobs/view/4437563793
google|technical operations manager, third party data center facilities|frankfurt, hesse, germany|https://www.linkedin.com/jobs/view/4444382309
google|technical operations manager, third party data center facilities|hanau am main, hesse, germany|https://www.linkedin.com/jobs/view/4444372395
google|customer engineer, platform, software and media, dach (german)|hamburg, hamburg, germany|https://www.linkedin.com/jobs/view/4435448651
google|ai sales specialist, sap, google cloud|hamburg, hamburg, germany|https://www.linkedin.com/jobs/view/4435453402
google|customer engineer, sovereignty (german, english)|hamburg, hamburg, germany|https://www.linkedin.com/jobs/view/4437578983
google|account executive, new business sales, central europe (english, ukrainian, lithuanian/estonian)|hamburg, hamburg, germany|https://www.linkedin.com/jobs/view/4445169394
google|account executive, new business sales (multiple languages)|hamburg, hamburg, germany|https://www.linkedin.com/jobs/view/4446098521
google|associate product marketing manager (english, german)|hamburg, hamburg, germany|https://www.linkedin.com/jobs/view/4439198981
google|professional development partner manager, emea|madrid, community of madrid, spain|https://www.linkedin.com/jobs/view/4445146455
google|customer engineer, security, google cloud (english, spanish)|spain|https://www.linkedin.com/jobs/view/4436014067
google|customer engineer, public sector uk/i, gcp|manchester, england, united kingdom|https://www.linkedin.com/jobs/view/4435226753
google|senior customer engineer, platform, fsi, google cloud|manchester, england, united kingdom|https://www.linkedin.com/jobs/view/4445736847
google|senior security consultant, commercial intelligence services|united kingdom|https://www.linkedin.com/jobs/view/4445166374
capgemini invent|technical business analyst-consultant|manchester, england, united kingdom|https://www.linkedin.com/jobs/view/4429974898
google|customer engineer, platform, software and media, dach (german)|munich, bavaria, germany|https://www.linkedin.com/jobs/view/4435442802
google|ai sales specialist, sap, google cloud|munich, bavaria, germany|https://www.linkedin.com/jobs/view/4435439902
google|customer engineer, google distributed cloud, emea|munich, bavaria, germany|https://www.linkedin.com/jobs/view/4445749293
google|ai infrastructure engineer|munich, bavaria, germany|https://www.linkedin.com/jobs/view/4446779808
google|senior quantitative ux researcher, material design|munich, bavaria, germany|https://www.linkedin.com/jobs/view/4443827464
google|data analytics sales specialist iii, google cloud (german, english)|munich, bavaria, germany|https://www.linkedin.com/jobs/view/4437574382
google|customer engineer, sovereignty (german, english)|munich, bavaria, germany|https://www.linkedin.com/jobs/view/4437599319
google|field sales account manager, google cloud|prague, prague, worldwide|https://www.linkedin.com/jobs/view/4444336426
google|senior software engineer, google cloud generative ai blackbelt team|stockholm, stockholm county, sweden|https://www.linkedin.com/jobs/view/4426603430
google|customer engineer, platform, google cloud (polish)|warsaw, mazowieckie, poland|https://www.linkedin.com/jobs/view/4437578063
google|customer engineer, platform, fsi, google cloud (polish)|warsaw, mazowieckie, poland|https://www.linkedin.com/jobs/view/4437571603
google|technical program manager, data center deployments|dublin, county dublin, ireland|https://www.linkedin.com/jobs/view/4441346383
google|program manager, dcops spares readiness|dublin, county dublin, ireland|https://www.linkedin.com/jobs/view/4446794699
google|data and measurement account manager|dublin, county dublin, ireland|https://www.linkedin.com/jobs/view/4425287818
google|technical program manager, longhaul planning|dublin, county dublin, ireland|https://www.linkedin.com/jobs/view/4444393234
google|product solutions engineer, authentication and security|dublin, county dublin, ireland|https://www.linkedin.com/jobs/view/4444004114
google|measurement implementation expert, gtech ads, gcs (polish, english)|warsaw, mazowieckie, poland|https://www.linkedin.com/jobs/view/4430569938
google|infrastructure and ai engineer|wrocław, dolnośląskie, poland|https://www.linkedin.com/jobs/view/4445730806
google|infrastructure and ai engineer|warsaw, mazowieckie, poland|https://www.linkedin.com/jobs/view/4445730805
google|technical program manager, pixel core platform software|warsaw, mazowieckie, poland|https://www.linkedin.com/jobs/view/4439439114
google|app specialist, customer onboarding, global customer solutions (english, russian)|dublin, county dublin, ireland|https://www.linkedin.com/jobs/view/4444568470
google|geo smb sales specialist, google maps platform, emea|dublin, county dublin, ireland|https://www.linkedin.com/jobs/view/4446777956
google|account strategist, smb sales, google customer solutions, uki market|dublin, county dublin, ireland|https://www.linkedin.com/jobs/view/4431872312
google|digital marketing strategist, gtech ads, gcs (spanish, english)|warsaw, mazowieckie, poland|https://www.linkedin.com/jobs/view/4427762733
google|accelerated growth consultant, google customer solutions, german market (english, german)|dublin, county dublin, ireland|https://www.linkedin.com/jobs/view/4431491407
google|account executive, new business sales (arabic, english)|dublin, county dublin, ireland|https://www.linkedin.com/jobs/view/4437567638
google|accelerated growth consultant, accelerated growth team, google customer solutions, market greece (english, greek)|dublin, county dublin, ireland|https://www.linkedin.com/jobs/view/4444316816
google|account strategist, mid-market sales, gcs, belgian market (english, french, dutch)|dublin, county dublin, ireland|https://www.linkedin.com/jobs/view/4443124514
google|customer engineer security, google cloud security sales|munich, bavaria, germany|https://www.linkedin.com/jobs/view/4444154583
google|account manager, lcs nordics, retail (swedish, english)|dublin, county dublin, ireland|https://www.linkedin.com/jobs/view/4434320219
google|account strategist, sbs engage, gcs (english, dutch)|dublin, county dublin, ireland|https://www.linkedin.com/jobs/view/4409779010
google|account strategist, mid-market sales, google customer solutions (german market)|dublin, county dublin, ireland|https://www.linkedin.com/jobs/view/4430574619
google|strategic partner development principal lead|dublin, county dublin, ireland|https://www.linkedin.com/jobs/view/4437555959
google|regional product lead, measurement, psa (german or hebrew)|dublin, county dublin, ireland|https://www.linkedin.com/jobs/view/4441194572
google|account manager, google shopping solutions, early careers (german)|dublin, county dublin, ireland|https://www.linkedin.com/jobs/view/4382455167
google|account executive, new business sales (french, english)|dublin, county dublin, ireland|https://www.linkedin.com/jobs/view/4442026833
google|staff forward deployed engineer, google cloud consulting (multiple languages)|dublin, county dublin, ireland|https://www.linkedin.com/jobs/view/4443819547
google|software engineer, early careers, phd, cloud ai|warsaw, mazowieckie, poland|https://www.linkedin.com/jobs/view/4320919263
google|software engineer, flexibility advisory|warsaw, mazowieckie, poland|https://www.linkedin.com/jobs/view/4444915484
google|forward deployed engineer iii, google cloud consulting|warsaw, mazowieckie, poland|https://www.linkedin.com/jobs/view/4435224850
google|forward deployed engineer iii, generative ai, google cloud|dublin, county dublin, ireland|https://www.linkedin.com/jobs/view/4445728844
google|supply chain manager, data center equipment supply chain|dublin, county dublin, ireland|https://www.linkedin.com/jobs/view/4440750247
google|head of smb growth, central europe|warsaw, mazowieckie, poland|https://www.linkedin.com/jobs/view/4442298493
google|account strategist, sbs engage, google customer solutions (french)|dublin, county dublin, ireland|https://www.linkedin.com/jobs/view/4425292753
google|technical program manager, coreos|warsaw, mazowieckie, poland|https://www.linkedin.com/jobs/view/4443823516
google|administrative business partner (english, french)|warsaw, mazowieckie, poland|https://www.linkedin.com/jobs/view/4445129653
google|software engineer ii, mobile (ios)|warsaw, mazowieckie, poland|https://www.linkedin.com/jobs/view/4446796629
google|shopping partner development manager (english, german)|dublin, county dublin, ireland|https://www.linkedin.com/jobs/view/4423918645
google|company accountant|dublin, county dublin, ireland|https://www.linkedin.com/jobs/view/4439885262
google|regional manager, data center network delivery|dublin, county dublin, ireland|https://www.linkedin.com/jobs/view/4438339080
google|engineering manager, agent development kit|warsaw, mazowieckie, poland|https://www.linkedin.com/jobs/view/4437558936
google|customer engineer security, google cloud security sales|germany|https://www.linkedin.com/jobs/view/4446794133
google|forward deployed engineer ii, gcc (french, german)|dublin, county dublin, ireland|https://www.linkedin.com/jobs/view/4435411696
google|account executive, mid-market sales, google customer solutions (german market)|dublin, county dublin, ireland|https://www.linkedin.com/jobs/view/4429694044
google|ai sales lead for start-ups|munich, bavaria, germany|https://www.linkedin.com/jobs/view/4435454242
google|senior technical leader, easysaas|warsaw, mazowieckie, poland|https://www.linkedin.com/jobs/view/4446082127
google|account executive, mid-market sales, google customer solutions (danish market)|dublin, county dublin, ireland|https://www.linkedin.com/jobs/view/4432675938
google|forward deployed engineering manager, generative ai, google cloud|warsaw, mazowieckie, poland|https://www.linkedin.com/jobs/view/4437561855
google|software engineer, performance, reliability, observability, phd, early careers|warsaw, mazowieckie, poland|https://www.linkedin.com/jobs/view/4374056681
google|dv360 programmatic account manager (english, hebrew)|dublin, county dublin, ireland|https://www.linkedin.com/jobs/view/4440696215
google|software engineer, performance, reliability, observability, phd, early career|warsaw, mazowieckie, poland|https://www.linkedin.com/jobs/view/4321301694
google|senior software engineer, app hub|warsaw, mazowieckie, poland|https://www.linkedin.com/jobs/view/4437574385
google|forward deployed engineer iii, gcc (french, german)|dublin, county dublin, ireland|https://www.linkedin.com/jobs/view/4434131623
google|head of retail, international growth, large customer sales, emea|dublin, county dublin, ireland|https://www.linkedin.com/jobs/view/4435239089
google|sales manager, lcs, poland|dublin, county dublin, ireland|https://www.linkedin.com/jobs/view/4437575230
google|director, consumer, healthcare and finance, large customer sales|berlin, berlin, germany|https://www.linkedin.com/jobs/view/4445437099
google|data center plant engineer (electrical)|horndal, dalarna county, sweden|https://www.linkedin.com/jobs/view/4438330332
google|data center electrical technician ii (elektro technicus/technicus elektro)(dutch)|eemshaven, groningen, netherlands|https://www.linkedin.com/jobs/view/4440763583
google|research scientist, gemini for android xr devices|munich, bavaria, germany|https://www.linkedin.com/jobs/view/4444372394
google|senior accelerated growth consultant, gcs, market france (english, french)|dublin, county dublin, ireland|https://www.linkedin.com/jobs/view/4439423920
geosquare belgium|business analyst|namur, walloon region, belgium|https://www.linkedin.com/jobs/view/4420717876
google|software engineer, gce control plane, early careers, phd|warsaw, mazowieckie, poland|https://www.linkedin.com/jobs/view/4365587218
google|senior account manager, large customer sales benelux (english)|dublin, county dublin, ireland|https://www.linkedin.com/jobs/view/4446772616
google|senior full stack engineer, cloud composer and dataform|warsaw, mazowieckie, poland|https://www.linkedin.com/jobs/view/4446407487
google|software engineer iii, site reliability engineering, gcp identity|warsaw, mazowieckie, poland|https://www.linkedin.com/jobs/view/4446420776
google|software engineering manager, gce engineering productivity|warsaw, mazowieckie, poland|https://www.linkedin.com/jobs/view/4437574388
google|senior software engineer, vertex ai, workbench|warsaw, mazowieckie, poland|https://www.linkedin.com/jobs/view/4446078412
google|software engineer iii, google kubernetes engine autoscaling|warsaw, mazowieckie, poland|https://www.linkedin.com/jobs/view/4444383287
google|senior software engineer, infrastructure, google cloud|warsaw, mazowieckie, poland|https://www.linkedin.com/jobs/view/4432696816
waymo|software engineer, automation platform & workflows|warsaw, mazowieckie, poland|https://www.linkedin.com/jobs/view/4423267959
groupe sii|business analyst (f/h)|tours, centre-val de loire, france|https://www.linkedin.com/jobs/view/4420409045
google|software engineering manager, site reliability engineering, google cloud|warsaw, mazowieckie, poland|https://www.linkedin.com/jobs/view/4424246475
get's bet|bi analyst|valletta, valletta, worldwide|https://www.linkedin.com/jobs/view/4443291796
groupe sii|business analyst (f/h)|nantes, pays de la loire, france|https://www.linkedin.com/jobs/view/4417488428
google|director, consumer, healthcare and finance, large customer sales|hamburg, hamburg, germany|https://www.linkedin.com/jobs/view/4445434143
google|ehs construction program manager|paris, île-de-france, france|https://www.linkedin.com/jobs/view/4437560888
google|senior software engineer, agent development kit|warsaw, mazowieckie, poland|https://www.linkedin.com/jobs/view/4435825923
google|it infrastructure engineer iii (technicien systèmes et réseaux)|farciennes, walloon region, belgium|https://www.linkedin.com/jobs/view/4446757813
google|director, consumer, healthcare and finance, large customer sales|munich, bavaria, germany|https://www.linkedin.com/jobs/view/4445443051
google|staff software engineer, gemini enterprise mobile|warsaw, mazowieckie, poland|https://www.linkedin.com/jobs/view/4444330507
google|mechanical technician ii (werktuigbouwkundig specialist/technicus mechanisch) (dutch)|eemshaven, groningen, netherlands|https://www.linkedin.com/jobs/view/4443111930
google|sales manager, mid-market sales, google customer solutions|dublin, county dublin, ireland|https://www.linkedin.com/jobs/view/4440210809
google|software engineering manager, site reliability engineering, ai security|dublin, county dublin, ireland|https://www.linkedin.com/jobs/view/4442646939
accilium|it & digital transformation associate (m/f/x)|vienna, austria|https://www.linkedin.com/jobs/view/4445476700
öbb|it-business analyst:in mit fokus microsoft azure|favoriten, vienna, austria|https://www.linkedin.com/jobs/view/4419065426
kumavision ag|consultant erp-software (m/w/d)|innsbruck, tyrol, austria|https://www.linkedin.com/jobs/view/4436077600
mckinsey & company|experienced consultant - service operations|vienna, vienna, austria|https://www.linkedin.com/jobs/view/4335155090
erste digital|technical analyst/specialist - databricks platform (all humans)|vienna, vienna, austria|https://www.linkedin.com/jobs/view/4440419789
kumavision ag|consultant erp-software (m/w/d)|vienna, vienna, austria|https://www.linkedin.com/jobs/view/4436070958
kumavision ag|consultant erp-software (m/w/d)|lustenau, vorarlberg, austria|https://www.linkedin.com/jobs/view/4436075739
bcg platinion|visiting associate enterprise solutions (all genders) - bcg platinion vienna, austria|vienna, austria|https://www.linkedin.com/jobs/view/4266319094
bmw group|praktikant wps digitalisierung (w/m/x)|steyr, upper austria, austria|https://www.linkedin.com/jobs/view/4421675691
avanade|analytics solution architect (w/m/x) – austria|innsbruck, tyrol, austria|https://www.linkedin.com/jobs/view/4442777428
mckinsey & company|fellow business analyst|baku, baku ekonomic zone, worldwide|https://www.linkedin.com/jobs/view/4358734619
michael page|ai integration analyst|brussels, brussels region, belgium|https://www.linkedin.com/jobs/view/4444422800
mc2i|business analyste / analyste fonctionnel sharepoint & power platform - bruxelles (h/f)|brussels metropolitan area, worldwide|https://www.linkedin.com/jobs/view/4438483314
deloitte|it business analyst|zaventem, flemish region, belgium|https://www.linkedin.com/jobs/view/4428537501
lga it|business analyst (microsoft)|antwerp, flemish region, belgium|https://www.linkedin.com/jobs/view/4436205199
mc2i|business analyste / analyste fonctionnel sharepoint & power platform - bruxelles (h/f)|brussels, brussels region, belgium|https://www.linkedin.com/jobs/view/4421190362
dekimo|business process analyst|brussels region, belgium|https://www.linkedin.com/jobs/view/4439201617
mc2i|consultant - brussels m/f|brussels, brussels region, belgium|https://www.linkedin.com/jobs/view/4230548068
moore belgium|functional data & integration analyst|antwerp, flemish region, belgium|https://www.linkedin.com/jobs/view/4409069922
moore belgium|functional data & integration analyst|brussels, brussels region, belgium|https://www.linkedin.com/jobs/view/4409090034
mc2i|consultant(e) - bruxelles h/f|brussels, brussels region, belgium|https://www.linkedin.com/jobs/view/4298091543
studibo|business applications consultant|merelbeke, flemish region, belgium|https://www.linkedin.com/jobs/view/4441944476
cheops technology|business analyst|kontich, flemish region, belgium|https://www.linkedin.com/jobs/view/4446574267
mckinsey & company|consultant - operations excellence program|brussels, brussels region, belgium|https://www.linkedin.com/jobs/view/4289338152
mobix - infrastructure for good|it business partner - muizen of halen|halen, flemish region, belgium|https://www.linkedin.com/jobs/view/4435431278
mc2i|consultant(e) data - bruxelles m/f|brussels metropolitan area, worldwide|https://www.linkedin.com/jobs/view/4443609019
mobix - infrastructure for good|it business partner - muizen of halen|mechelen, flemish region, belgium|https://www.linkedin.com/jobs/view/4435429314
dentsu|it business analyst|sofia, sofia city, worldwide|https://www.linkedin.com/jobs/view/4432659493
cognizant|business analyst|sofia, sofia city, worldwide|https://www.linkedin.com/jobs/view/4437384305
mypos|data analyst|sofia, sofia city, worldwide|https://www.linkedin.com/jobs/view/4416562171
coca-cola europacific partners|analyst, bi developer scdmnt|sofia, sofia city, worldwide|https://www.linkedin.com/jobs/view/4368673689
mypos|data analyst|bulgaria, varna, worldwide|https://www.linkedin.com/jobs/view/4416548829
vertiv|power platform business automation specialist|zagreb, zagreb, worldwide|https://www.linkedin.com/jobs/view/4444443561
a.p. moller - maersk|data analytics lead|copenhagen, capital region of denmark, denmark|https://www.linkedin.com/jobs/view/4444584881
microsoft|cloud &ai sales manager|kongens lyngby, capital region of denmark, denmark|https://www.linkedin.com/jobs/view/4440972585
ascendis pharma|d365 platform business analyst|gentofte, capital region of denmark, denmark|https://www.linkedin.com/jobs/view/4444288494
microsoft|principal technical program manager - quantum|copenhagen, capital region of denmark, denmark|https://www.linkedin.com/jobs/view/4444427763
microsoft|principal software engineering manager|tallinn, harjumaa, worldwide|https://www.linkedin.com/jobs/view/4437775734
microsoft|it technical trainer|helsinki, uusimaa, finland|https://www.linkedin.com/jobs/view/4443911301
mckinsey & company|consultant|helsinki, uusimaa, finland|https://www.linkedin.com/jobs/view/2679907113
microsoft|critical environment technician|helsinki, uusimaa, finland|https://www.linkedin.com/jobs/view/4439056814
microsoft|community affairs manager|vaasa, ostrobothnia, finland|https://www.linkedin.com/jobs/view/4446586463
microsoft|logistics technician manager|helsinki, uusimaa, finland|https://www.linkedin.com/jobs/view/4438638316
microsoft|commissioning manager - vaasa|vaasa, ostrobothnia, finland|https://www.linkedin.com/jobs/view/4440963893
metso|application owner|espoo, uusimaa, finland|https://www.linkedin.com/jobs/view/4433819898
mckinsey & company|business analyst - tech & ai|paris, île-de-france, france|https://www.linkedin.com/jobs/view/4317874444
mckinsey & company|junior associate - mckinsey tech & ai|paris, île-de-france, france|https://www.linkedin.com/jobs/view/2838245695
mckinsey & company|associate - mckinsey tech & ai|paris, île-de-france, france|https://www.linkedin.com/jobs/view/2580426498
microsoft|strategic account technologist - manufacturing industry|issy-les-moulineaux, île-de-france, france|https://www.linkedin.com/jobs/view/4445320913
microsoft|data center technician|paris, île-de-france, france|https://www.linkedin.com/jobs/view/4435575661
microsoft|strategic account technology - energy|issy-les-moulineaux, île-de-france, france|https://www.linkedin.com/jobs/view/4446588224
microsoft|data center technician|paris, île-de-france, france|https://www.linkedin.com/jobs/view/4445941418
mckinsey & company|junior associate|paris, île-de-france, france|https://www.linkedin.com/jobs/view/4298216938
mckinsey & company|business analyst intern - tech & ai|paris, île-de-france, france|https://www.linkedin.com/jobs/view/4318157481
microsoft|principal consulting project manager france|issy-les-moulineaux, île-de-france, france|https://www.linkedin.com/jobs/view/4446757586
microsoft|senior software engineer|ga, atlanta, worldwide|https://www.linkedin.com/jobs/view/4443904528
microsoft|lease delivery program manager|ga, atlanta, worldwide|https://www.linkedin.com/jobs/view/4446770462
mcdermott will & schulte|applied ai solutions analyst|ga, atlanta, worldwide|https://www.linkedin.com/jobs/view/4445239922
microsoft|senior business manager|ga, atlanta, worldwide|https://www.linkedin.com/jobs/view/4446583525
microsoft|data center operations management|ga, atlanta, worldwide|https://www.linkedin.com/jobs/view/4441988136
american express|associate -digital product management - digital workplace|ga, atlanta, worldwide|https://www.linkedin.com/jobs/view/4446430946
motion recruitment|dynamics 365 analyst|ga, smyrna, worldwide|https://www.linkedin.com/jobs/view/4434929720
datamasters|it business systems analyst (erp/mrp a must) - 100% remote residing in atl metro|ga, madison, worldwide|https://www.linkedin.com/jobs/view/4419444353
mckinsey & company|research science analyst - social, healthcare and public entities tech|ga, atlanta, worldwide|https://www.linkedin.com/jobs/view/4409426611
delta air lines|senior operations analyst, digital and technology transformation|ga, atlanta, worldwide|https://www.linkedin.com/jobs/view/4440609296
motion recruitment|solutions analyst|ga, atlanta, worldwide|https://www.linkedin.com/jobs/view/4442476253
morgan stanley|recruiting systems analyst|ga, alpharetta, worldwide|https://www.linkedin.com/jobs/view/4414190530
emory university|informatics analyst ii - oit|ga, atlanta, worldwide|https://www.linkedin.com/jobs/view/4410309066
ey|technology consulting- microsoft dynamics 365 finance & operations business analyst- senior|ga, alpharetta, worldwide|https://www.linkedin.com/jobs/view/4441080329
mckinsey & company|research science analyst - strategy and corporate finance - mckinsey value intelligence platform|ga, atlanta, worldwide|https://www.linkedin.com/jobs/view/4419477199
mastercard|technical program management i, marketing technology solutions|ga, atlanta, worldwide|https://www.linkedin.com/jobs/view/4440187408
microsoft|critical environment technician manager|ga, atlanta, worldwide|https://www.linkedin.com/jobs/view/4446772386
mckinsey & company|software delivery analyst - wave|cologne, north rhine-westphalia, germany|https://www.linkedin.com/jobs/view/4382943865
müller holding gmbh & co. kg|business consultant – microsoft 365 (m/w/d)|ulm, baden-württemberg, germany|https://www.linkedin.com/jobs/view/4438084936
mckinsey & company|associate - tech & ai (m/w/d)|munich, bavaria, germany|https://www.linkedin.com/jobs/view/4291537263
microsoft|security solution engineer (presales) - public sector & healthcare|germany|https://www.linkedin.com/jobs/view/4442705664
microsoft|security solution engineer (presales) - automotive, travel & transport industry|germany|https://www.linkedin.com/jobs/view/4442701846
mckinsey & company|junior fellow - tech & ai (m/w/d)|munich, bavaria, germany|https://www.linkedin.com/jobs/view/4291535431
mckinsey & company|fellow - tech & ai (m/w/d)|munich, bavaria, germany|https://www.linkedin.com/jobs/view/4291535367
microsoft|software engineer ii - azure ai services|germany|https://www.linkedin.com/jobs/view/4441473468
microsoft|solution architect manager (sam) - germany & austria|munich, bavaria, germany|https://www.linkedin.com/jobs/view/4441968875
mckinsey & company|consultant - service operations|hamburg, hamburg, germany|https://www.linkedin.com/jobs/view/4288932270
m3connect|data analytics consultant   (m/w/d)|aachen, north rhine-westphalia, germany|https://www.linkedin.com/jobs/view/4438017215
muuuh!|business intelligence consultant (m/w/d)|osnabrück, lower saxony, germany|https://www.linkedin.com/jobs/view/4403764141
deloitte|business analyst / consultant cloud integration (m/w/d) in stuttgart|stuttgart, baden-württemberg, germany|https://www.linkedin.com/jobs/view/4243065073
mhp – a porsche company|senior consultant microsoft 365 (all genders)|düsseldorf, north rhine-westphalia, germany|https://www.linkedin.com/jobs/view/4371001783
mhp – a porsche company|senior consultant microsoft 365 (all genders)|berlin, berlin, germany|https://www.linkedin.com/jobs/view/4371007679
deloitte|business analyst / consultant cloud integration (m/w/d)|berlin, germany|https://www.linkedin.com/jobs/view/4243065037
mid gmbh|technical it-analyst (m/w/d)|nuremberg, bavaria, germany|https://www.linkedin.com/jobs/view/3839667395
mckinsey & company|mobility analyst - mckinsey center for future mobility|munich, bavaria, germany|https://www.linkedin.com/jobs/view/4416911650
deloitte|business analyst / consultant cloud integration (m/w/d) in münchen|munich, bavaria, germany|https://www.linkedin.com/jobs/view/4243058906
mhp – a porsche company|senior consultant microsoft 365 (all genders)|nuremberg, bavaria, germany|https://www.linkedin.com/jobs/view/4370992881
microsoft|data center technician|athens, attiki, greece|https://www.linkedin.com/jobs/view/4446841402
profile software|power bi & microsoft 365 solutions specialist|athens, attiki, greece|https://www.linkedin.com/jobs/view/4447023586
microsoft|data center technician manager|athens, attiki, greece|https://www.linkedin.com/jobs/view/4441968894
space hellas s.a.|business applications analyst|athens, attiki, greece|https://www.linkedin.com/jobs/view/4445909674
mckinsey & company|software delivery analyst - orchestro|budapest, budapest, hungary|https://www.linkedin.com/jobs/view/4445252885
mckinsey & company|ai solutions analyst - panorama|budapest, budapest, hungary|https://www.linkedin.com/jobs/view/4434662194
morgan stanley|business analyst (data design)|budapest, budapest, hungary|https://www.linkedin.com/jobs/view/4322848032
morgan stanley|automation business analyst|budapest, budapest, hungary|https://www.linkedin.com/jobs/view/4401871637
morgan stanley|technical business analyst|budapest, budapest, hungary|https://www.linkedin.com/jobs/view/4440693425
mol group|üzleti elemző|budapest metropolitan area, worldwide|https://www.linkedin.com/jobs/view/4436356100
mckinsey & company|ai solutions analyst - banking market intelligence|budapest, budapest, hungary|https://www.linkedin.com/jobs/view/4434649892
mol group|it business partner growwwer|budapest, budapest, hungary|https://www.linkedin.com/jobs/view/4416423005
deutsche telekom|business analyst (m/w/d)|budapest, budapest, hungary|https://www.linkedin.com/jobs/view/4442745645
morgan stanley|finance business analyst|budapest, budapest, hungary|https://www.linkedin.com/jobs/view/4415789266
microsoft|digital cloud solution engineer cloud & ai (apps & ai) - benelux region|dublin, county dublin, ireland|https://www.linkedin.com/jobs/view/4446198064
arthur cox llp|modern workplace business analyst|dublin, county dublin, ireland|https://www.linkedin.com/jobs/view/4445953933
microsoft|software engineer - observability|dublin, county dublin, ireland|https://www.linkedin.com/jobs/view/4435116052
microsoft|lessor relationship manager|dublin, county dublin, ireland|https://www.linkedin.com/jobs/view/4366744081
microsoft|digital solution area specialist - security|dublin, county dublin, ireland|https://www.linkedin.com/jobs/view/4444963176
the convention centre dublin (the ccd)|business information systems analyst|dublin 1, county dublin, ireland|https://www.linkedin.com/jobs/view/4446042617
microsoft|digital sales specialist - ai business solutions - ai workforce - polish speaking|dublin, county dublin, ireland|https://www.linkedin.com/jobs/view/4433851058
microsoft|sales operations manager (contract)|castleshane demesne, county monaghan, ireland|https://www.linkedin.com/jobs/view/4440789862
microsoft|executive administrative assistant (contract)|dublin, county dublin, ireland|https://www.linkedin.com/jobs/view/4440744873
planet|ai ops & automation analyst|galway, county galway, ireland|https://www.linkedin.com/jobs/view/4442241337
accenture uk & ireland|digital business analyst|dublin, county dublin, ireland|https://www.linkedin.com/jobs/view/4391690937
microsoft|data center technician|milan, lombardy, italy|https://www.linkedin.com/jobs/view/4443911302
microsoft|senior data center it support technician|milan, lombardy, italy|https://www.linkedin.com/jobs/view/4411380231
microsoft|logistics technician|milan, lombardy, italy|https://www.linkedin.com/jobs/view/4423374533
msc mediterranean shipping company|business analyst|turin, piedmont, italy|https://www.linkedin.com/jobs/view/4435031889
microsoft|datacenter technician manager|milan, lombardy, italy|https://www.linkedin.com/jobs/view/4442451999
mckinsey & company|associate|milan, lombardy, italy|https://www.linkedin.com/jobs/view/4219660429
msc mediterranean shipping company|ai data analyst|turin, piedmont, italy|https://www.linkedin.com/jobs/view/4437971530
microsoft|senior logistics technician|milan, lombardy, italy|https://www.linkedin.com/jobs/view/4411618063
m.m. srl|digital transformation analyst|greater udine metropolitan area, worldwide|https://www.linkedin.com/jobs/view/4428879137
microsoft|critical environment technician|milan, lombardy, italy|https://www.linkedin.com/jobs/view/4441984287
mirantis|intern — data analyst|kazakhstan, almaty region, worldwide|https://www.linkedin.com/jobs/view/4427863019
mondelēz international|business process development specialist / district analyst, eurasia|almaty, almaty, worldwide|https://www.linkedin.com/jobs/view/4435390321
danske bank|ai analyst - agents & self-service cluster|vilnius, vilniaus, worldwide|https://www.linkedin.com/jobs/view/4440962387
centum recruitment international limited|business analyst|luxembourg, luxembourg|https://www.linkedin.com/jobs/view/4436387029
ey|ai & data - consulting associate|luxembourg, luxembourg, luxembourg|https://www.linkedin.com/jobs/view/4435450346
deloitte|artificial intelligence and data trainee|luxembourg, luxembourg, luxembourg|https://www.linkedin.com/jobs/view/4338183617
deloitte|junior data science analyst|luxembourg, luxembourg, luxembourg|https://www.linkedin.com/jobs/view/4441829785
deloitte|technology strategy analyst|luxembourg, luxembourg, luxembourg|https://www.linkedin.com/jobs/view/4441842246
microsoft|senior data center technician|wv, pleasants county, worldwide|https://www.linkedin.com/jobs/view/4446174861
microsoft|critical environment technician|wv, pleasants county, worldwide|https://www.linkedin.com/jobs/view/4446300026
microsoft|data center critical environment electrical engineer|wv, pleasants county, worldwide|https://www.linkedin.com/jobs/view/4426315693
microsoft|data center critical environment mechanical engineer|wv, pleasants county, worldwide|https://www.linkedin.com/jobs/view/4426320254
microsoft|senior critical environment technician (operations)|wv, pleasants county, worldwide|https://www.linkedin.com/jobs/view/4446190670
microsoft|senior critical environment technician (electrical)|wv, pleasants county, worldwide|https://www.linkedin.com/jobs/view/4446594017
moldcell|business analyst|chişinău, chișinău, worldwide|https://www.linkedin.com/jobs/view/4432008154
mckinsey & company|associate - tech & ai|amsterdam, north holland, netherlands|https://www.linkedin.com/jobs/view/4305644920
microsoft|data center project manager|eemshaven, groningen, netherlands|https://www.linkedin.com/jobs/view/4441630715
microsoft|data center technician|schiphol, north holland, netherlands|https://www.linkedin.com/jobs/view/4447085147
microsoft|data center technician|middenmeer, north holland, netherlands|https://www.linkedin.com/jobs/view/4443974528
microsoft|data center technician|middenmeer, north holland, netherlands|https://www.linkedin.com/jobs/view/4446173853
microsoft|data center technician (shift pattern)|schiphol, north holland, netherlands|https://www.linkedin.com/jobs/view/4445998750
microsoft|critical environment program manager - business operations|amsterdam, north holland, netherlands|https://www.linkedin.com/jobs/view/4435566929
msig europe|data governance business analyst|amstelveen, north holland, netherlands|https://www.linkedin.com/jobs/view/4414731227
microsoft|security solution specialist|schiphol, north holland, netherlands|https://www.linkedin.com/jobs/view/4446764537
ministerie van defensie|data- & informatiemanagement specialist|amersfoort, utrecht, netherlands|https://www.linkedin.com/jobs/view/4443634329
tribus group|business it specialist (32-40uur)|utrecht, netherlands|https://www.linkedin.com/jobs/view/4435103757
mploy associates|business analyst  talent program|the randstad, netherlands|https://www.linkedin.com/jobs/view/4446040329
microsoft|datacenter campus director|eemshaven, groningen, netherlands|https://www.linkedin.com/jobs/view/4425487999
rabobank|junior business analyst - early career program it|utrecht, utrecht, netherlands|https://www.linkedin.com/jobs/view/4444484258
microsoft|critical environment technician|middenmeer, north holland, netherlands|https://www.linkedin.com/jobs/view/4441238299
mckinsey & company|research science analyst - energy storage insights|amsterdam, north holland, netherlands|https://www.linkedin.com/jobs/view/4430712039
alistar|business consultant modern workplace|bunnik, utrecht, netherlands|https://www.linkedin.com/jobs/view/4446723596
hso|trainee consultant cloud services & ai automation|veenendaal, utrecht, netherlands|https://www.linkedin.com/jobs/view/4415260962
mckinsey & company|knowledge consultant - energy storage insights|amsterdam, north holland, netherlands|https://www.linkedin.com/jobs/view/4405296026
microsoft|data center technician manager|oslo, oslo, norway|https://www.linkedin.com/jobs/view/4446112145
microsoft|logistics / warehouse technician|oslo, oslo, norway|https://www.linkedin.com/jobs/view/4440543587
capgemini invent|ai business solution analyst|oslo, oslo, norway|https://www.linkedin.com/jobs/view/4446824404
delta electronics emea|process specialist|drammen, viken, norway|https://www.linkedin.com/jobs/view/4438315916
capgemini invent|ai business solution analyst|stavanger, rogaland, norway|https://www.linkedin.com/jobs/view/4444521338
microsoft|software engineer backend|warsaw, mazowieckie, poland|https://www.linkedin.com/jobs/view/4447066320
microsoft|data center technician|warsaw, mazowieckie, poland|https://www.linkedin.com/jobs/view/4431349029
microsoft|critical environment technician|warsaw, mazowieckie, poland|https://www.linkedin.com/jobs/view/4424779605
ascendion|tech ba|poland|https://www.linkedin.com/jobs/view/4441612307
sii poland|microsoft 365 consultant (f/m/x)|cracow, małopolskie, poland|https://www.linkedin.com/jobs/view/4442840859
sii poland|microsoft 365 consultant (f/m/x)|poznań, wielkopolskie, poland|https://www.linkedin.com/jobs/view/4442837799
sii poland|microsoft 365 consultant (f/m/x)|warsaw, mazowieckie, poland|https://www.linkedin.com/jobs/view/4442831845
sii poland|microsoft 365 consultant (f/m/x)|szczecin, zachodniopomorskie, poland|https://www.linkedin.com/jobs/view/4442843831
mckinsey & company|business analyst - tech & ai|lisbon, lisbon, portugal|https://www.linkedin.com/jobs/view/4437848009
mckinsey & company|capabilities & insights analyst - digital and technology|lisbon, lisbon, portugal|https://www.linkedin.com/jobs/view/4333219999
mckinsey & company|associate - tech & ai|lisbon, lisbon, portugal|https://www.linkedin.com/jobs/view/4437410990
microsoft|cloud solution architect - entry level|bucharest, bucharest, romania|https://www.linkedin.com/jobs/view/4431241595
microsoft|technical support advisor|bucharest, bucharest, romania|https://www.linkedin.com/jobs/view/4422402753
microsoft|customer success account management|bucharest, bucharest, romania|https://www.linkedin.com/jobs/view/4446758530
microsoft|onboarding manager (app assure)|romania|https://www.linkedin.com/jobs/view/4446760565
microsoft|technical support engineer - entry level|bucharest, bucharest, romania|https://www.linkedin.com/jobs/view/4439331584
microsoft|services customer operations manager|bucharest, bucharest, romania|https://www.linkedin.com/jobs/view/4443372227
microsoft|services customer operations manager|bucharest, bucharest, romania|https://www.linkedin.com/jobs/view/4443364607
microsoft|senior incident response engineer|bucharest, bucharest, romania|https://www.linkedin.com/jobs/view/4446173848
microsoft|senior software engineer|romania|https://www.linkedin.com/jobs/view/4444714137
medicover|information technology business analyst|bucharest, romania|https://www.linkedin.com/jobs/view/4435959989
mcdermott will & schulte|applied ai solutions analyst|los angeles, canada|https://www.linkedin.com/jobs/view/4445240802
mcdermott will & schulte|applied ai solutions analyst|orange county, canada|https://www.linkedin.com/jobs/view/4445259009
gt's living foods|business systems analyst i|los angeles metropolitan area, worldwide|https://www.linkedin.com/jobs/view/4436513422
quantum world technologies inc.|business analyst - microsoft power apps|los angeles, canada|https://www.linkedin.com/jobs/view/4447015455
sony pictures entertainment|analyst, facilities & s3 systems|culver city, canada|https://www.linkedin.com/jobs/view/4427607983
isc - interconnect solutions company|erp data analyst|fountain valley, canada|https://www.linkedin.com/jobs/view/4443535939
oc sports & entertainment|it business analyst|anaheim, canada|https://www.linkedin.com/jobs/view/4411534635
msi|business process analyst|orange, canada|https://www.linkedin.com/jobs/view/4438438272
roku|systems operations associate|santa monica, canada|https://www.linkedin.com/jobs/view/4446108304
byd north america|business systems analyst|pasadena, canada|https://www.linkedin.com/jobs/view/4403131497
diality|it business analyst|irvine, canada|https://www.linkedin.com/jobs/view/4447240963
citizens business bank|data integration engineer|rancho cucamonga, canada|https://www.linkedin.com/jobs/view/4417175061
munger, tolles & olson llp|solutions engineer|los angeles county, canada|https://www.linkedin.com/jobs/view/4446447921
sphere entertainment co.|senior business analyst|los angeles metropolitan area, worldwide|https://www.linkedin.com/jobs/view/4422033986
latham & watkins|enterprise applications analyst|los angeles, canada|https://www.linkedin.com/jobs/view/4429138335
nbcuniversal|business analyst (digital ad sales technology)|los angeles, canada|https://www.linkedin.com/jobs/view/4435181338
occidental college|technology solutions analyst|los angeles, canada|https://www.linkedin.com/jobs/view/4441213369
faraday future|it microsoft product expert|el segundo, canada|https://www.linkedin.com/jobs/view/4318158688
microsoft|senior software engineer - azure hyper networking|serbia, worldwide|https://www.linkedin.com/jobs/view/4399254808
clarivate|business analyst|serbia, belgrade, worldwide|https://www.linkedin.com/jobs/view/4442123676
multitude|software analyst|bratislava, bratislava, worldwide|https://www.linkedin.com/jobs/view/4432821122
multitude|it software analyst|bratislava, bratislava, worldwide|https://www.linkedin.com/jobs/view/4379029293
erste digital|technical analyst/specialist - databricks platform (all humans)|bratislava, bratislava, worldwide|https://www.linkedin.com/jobs/view/4435996056
mondelēz international|data analyst (m/f)|bratislava, bratislava, worldwide|https://www.linkedin.com/jobs/view/4440063204
ey|junior consultant for power platform & ai|bratislava, bratislava, worldwide|https://www.linkedin.com/jobs/view/4392456307
mckinsey & company|associate - tech & ai|madrid, community of madrid, spain|https://www.linkedin.com/jobs/view/4436435610
amura it|business analyst / functional analyst – microsoft 365 & power platform|madrid, community of madrid, spain|https://www.linkedin.com/jobs/view/4440018219
microsoft|senior data center technician|madrid, community of madrid, spain|https://www.linkedin.com/jobs/view/4436947462
midea europe|functional analyst, business applications – europe|madrid, community of madrid, spain|https://www.linkedin.com/jobs/view/4432924889
mckinsey & company|consultant - service operations|madrid, community of madrid, spain|https://www.linkedin.com/jobs/view/4446064180
mckinsey & company|business analyst - private capital|madrid, community of madrid, spain|https://www.linkedin.com/jobs/view/3935367915
ey|business central 365 functional consultant|madrid, community of madrid, spain|https://www.linkedin.com/jobs/view/4406997098
microsoft|customer success account management|stockholm, stockholm county, sweden|https://www.linkedin.com/jobs/view/4446770456
mckinsey & company|junior associate - tech & ai|stockholm, stockholm county, sweden|https://www.linkedin.com/jobs/view/4333309718
microsoft|senior sales specialist - windows & device sales - sweden|sweden|https://www.linkedin.com/jobs/view/4446181702
mercedes-benz sverige|senior specialist technical analyst & bi developer|malmo, skåne county, sweden|https://www.linkedin.com/jobs/view/4438305271
microsoft|critical environment technician|gävle, gävleborg county, sweden|https://www.linkedin.com/jobs/view/4446185716
mckinsey & company|consultant - operations excellence program|stockholm, stockholm county, sweden|https://www.linkedin.com/jobs/view/4335313955
microsoft|energy & environment cepm|gävle, gävleborg county, sweden|https://www.linkedin.com/jobs/view/4441697486
microsoft|critical environment operations manager|gävle, gävleborg county, sweden|https://www.linkedin.com/jobs/view/4443524890
microsoft|account technology strategist manufacturing|zurich, zurich, switzerland|https://www.linkedin.com/jobs/view/4446583529
microsoft|data center project manager|geneva, geneva, switzerland|https://www.linkedin.com/jobs/view/4436724480
microsoft|strategic enterprise account technology strategist - consumer & retail|zurich, zurich, switzerland|https://www.linkedin.com/jobs/view/4441468632
microsoft|data center technician|zurich, zurich, switzerland|https://www.linkedin.com/jobs/view/4446190671
microsoft|technical program manager|schwyz, switzerland|https://www.linkedin.com/jobs/view/4444432682
microsoft|member of technical staff, software engineer|zurich, zurich, switzerland|https://www.linkedin.com/jobs/view/4445339071
microsoft ai|member of technical staff, software engineer|zurich, zurich, switzerland|https://www.linkedin.com/jobs/view/4445272112
microsoft|strategic account executive - professional services sector|zurich, zurich, switzerland|https://www.linkedin.com/jobs/view/4443358985
deloitte|business analyst / consultant - artificial intelligence & data - (ai & insights)|zurich, zurich, switzerland|https://www.linkedin.com/jobs/view/4437778143
mckinsey & company|fellow business analyst|türkiye, istanbul, worldwide|https://www.linkedin.com/jobs/view/4447062320
microsoft|senior sales specialist - windows & device sales (turkey)|greater istanbul, worldwide|https://www.linkedin.com/jobs/view/4446300031
miratech|junior data-business analyst|romny, sumy, ukraine|https://www.linkedin.com/jobs/view/4441807377
miratech|junior data-business analyst|kyiv, kyiv city, ukraine|https://www.linkedin.com/jobs/view/4441811041
miratech|junior data-business analyst|chernihiv, chernihiv, ukraine|https://www.linkedin.com/jobs/view/4441594758
miratech|junior data-business analyst|poltava, ukraine|https://www.linkedin.com/jobs/view/4441808357
київстар|business analyst (microsoft power platform)|kyiv, kyiv city, ukraine|https://www.linkedin.com/jobs/view/4422436551
miratech|junior data-business analyst|nizhyn, chernihiv, ukraine|https://www.linkedin.com/jobs/view/4441802574
miratech|junior data-business analyst|lubny, poltava, ukraine|https://www.linkedin.com/jobs/view/4441806383
microsoft|full stack sme|london, england, united kingdom|https://www.linkedin.com/jobs/view/4446580709
microsoft|account technology strategist, healthcare|london, england, united kingdom|https://www.linkedin.com/jobs/view/4444432649
microsoft|cloud solution architect (data & ai)|london, england, united kingdom|https://www.linkedin.com/jobs/view/4446571849
microsoft|data center technician|newport, england, united kingdom|https://www.linkedin.com/jobs/view/4441474385
microsoft|acsm solution architect manager|reading, england, united kingdom|https://www.linkedin.com/jobs/view/4443363605
microsoft|data center inventory & asset technician (diat)|slough, england, united kingdom|https://www.linkedin.com/jobs/view/4436953269
microsoft|sales specialist - windows & device sales - uk|united kingdom|https://www.linkedin.com/jobs/view/4446180736
mckinsey & company|junior associate - mckinsey tech & ai|london, england, united kingdom|https://www.linkedin.com/jobs/view/4360046390
mitsubishi electric – uk|business analyst|hatfield, england, united kingdom|https://www.linkedin.com/jobs/view/4443323698
reply|technical consultant (microsoft modern work, automation & ai)|london area, united kingdom|https://www.linkedin.com/jobs/view/4426847373
microsoft|senior account executive - ai startups & scaleups|london, england, united kingdom|https://www.linkedin.com/jobs/view/4439547775
microsoft ai|member of futures team (frontier risk & alignment)|london, england, united kingdom|https://www.linkedin.com/jobs/view/4436705998
microsoft|data center critical environment technician manager|london, england, united kingdom|https://www.linkedin.com/jobs/view/4429937417
microsoft|principal security researcher|cheltenham, england, united kingdom|https://www.linkedin.com/jobs/view/4445341029
microsoft|data engineer (contract)|atherstone, england, united kingdom|https://www.linkedin.com/jobs/view/4427715136
microsoft|head of advertising analytics|london, england, united kingdom|https://www.linkedin.com/jobs/view/4446761503
microsoft|senior applied scientist|london, england, united kingdom|https://www.linkedin.com/jobs/view/4444715040
microsoft|director, solution specialist manager, ai business solutions|united kingdom|https://www.linkedin.com/jobs/view/4440557154
accilium|it & digital transformation associate (m/f/x)|berlin, germany|https://www.linkedin.com/jobs/view/4445497403
assecor gmbh|it-consultant (mwd)|berlin, berlin, germany|https://www.linkedin.com/jobs/view/4442821105
deloitte|trainee cloud & data - dein einstieg in artificial intelligence & data (m/w/d)|berlin, germany|https://www.linkedin.com/jobs/view/4412851533
mckinsey & company|experienced consultant - service operations|berlin, berlin, germany|https://www.linkedin.com/jobs/view/4301578463
bmw group|azubi zum fachinformatiker für daten- und prozessanalyse (w/m/x) im werk [3 plätze]|berlin, germany|https://www.linkedin.com/jobs/view/4434800815
capgemini invent|(associate) consultant intelligent process & performance (w/m/d)|berlin, germany|https://www.linkedin.com/jobs/view/4425479472
capgemini invent|(associate) consultant intelligent process & performance (w/m/d)|berlin, berlin, germany|https://www.linkedin.com/jobs/view/4444122398
microsoft|technical support engineering manager|bucharest, bucharest, romania|https://www.linkedin.com/jobs/view/4439585063
microsoft|technical support engineer manager|bucharest, bucharest, romania|https://www.linkedin.com/jobs/view/4439577461
sii poland|microsoft 365 consultant (f/m/x)|katowice, śląskie, poland|https://www.linkedin.com/jobs/view/4442837796
mckinsey & company|consultant - service operations|amsterdam, north holland, netherlands|https://www.linkedin.com/jobs/view/4288929535
microsoft|critical environment program manager|amsterdam, north holland, netherlands|https://www.linkedin.com/jobs/view/4440548474
microsoft|data center technician manager|amsterdam, north holland, netherlands|https://www.linkedin.com/jobs/view/4431250476
metyis|business analysis associate|amsterdam, north holland, netherlands|https://www.linkedin.com/jobs/view/4405336735
microsoft|data center technician (dct) manager|dublin, county dublin, ireland|https://www.linkedin.com/jobs/view/4441974616
microsoft|digital enterprise solution sales specialist - ai workforce- polish speaking|dublin, county dublin, ireland|https://www.linkedin.com/jobs/view/4441478208
fsp|microsoft 365 consultant|glasgow, scotland, united kingdom|https://www.linkedin.com/jobs/view/4407182530
morgan stanley|data quality metrics specialist - associate|glasgow, scotland, united kingdom|https://www.linkedin.com/jobs/view/4426227946
cocentric|technical consultant|edinburgh, scotland, united kingdom|https://www.linkedin.com/jobs/view/4373984601
jpmorganchase|lead solutions analyst|glasgow, scotland, united kingdom|https://www.linkedin.com/jobs/view/4432495773
s1jobs|data analyst|paisley, scotland, united kingdom|https://www.linkedin.com/jobs/view/4445229767
morgan stanley|finance data associate|glasgow, scotland, united kingdom|https://www.linkedin.com/jobs/view/4446786835
mactaggart scott|erp business analyst|loanhead, scotland, united kingdom|https://www.linkedin.com/jobs/view/4390853522
mthree|program management office analyst|glasgow, scotland, united kingdom|https://www.linkedin.com/jobs/view/4437676133
nhs ayrshire & arran|digital project officer|glasgow, scotland, united kingdom|https://www.linkedin.com/jobs/view/4443123582
mactaggart scott|erp business analyst|loanhead, scotland, united kingdom|https://www.linkedin.com/jobs/view/4390990261
mobis parts europe n.v.|technical business analyst (m/f/d)|eschborn, hesse, germany|https://www.linkedin.com/jobs/view/4447010851
mbi|business analyst (m/w/d)|wetzlar, hesse, germany|https://www.linkedin.com/jobs/view/4437366326
mbi|business analyst (m/w/d)|wetzlar, hesse, germany|https://www.linkedin.com/jobs/view/4444552792
mhp – a porsche company|senior consultant microsoft 365 (all genders)|frankfurt am main, hesse, germany|https://www.linkedin.com/jobs/view/4370997734
deloitte|business analyst / consultant cloud integration (m/w/d) in frankfurt (main)|frankfurt, hesse, germany|https://www.linkedin.com/jobs/view/4243063507
european central bank|traineeship in digital transformation, ai and business analysis|frankfurt am main, hesse, germany|https://www.linkedin.com/jobs/view/4442796004
deloitte|trainee cloud & data - dein einstieg in artificial intelligence & data (m/w/d) in frankfurt (main)|frankfurt, hesse, germany|https://www.linkedin.com/jobs/view/4412846579
midas pharma|ai / bi specialist (m/w/d)|ingelheim am rhein, rhineland-palatinate, germany|https://www.linkedin.com/jobs/view/4395265587
mckinsey & company|experienced consultant - service operations|frankfurt, hesse, germany|https://www.linkedin.com/jobs/view/4301587081
bcg platinion|visiting associate enterprise solutions (all genders) - bcg platinion|frankfurt am main, hesse, germany|https://www.linkedin.com/jobs/view/4266318113
michael page|business analyst (m/w/d)|hamburg, hamburg, germany|https://www.linkedin.com/jobs/view/4439354545
mckinsey & company|consultant - operations excellence program|hamburg, hamburg, germany|https://www.linkedin.com/jobs/view/4289333703
mckinsey & company|consultant - product development|hamburg, hamburg, germany|https://www.linkedin.com/jobs/view/4425492441
deloitte|trainee cloud & data - dein einstieg in artificial intelligence & data (m/w/d) in hamburg|hamburg, hamburg, germany|https://www.linkedin.com/jobs/view/4412854573
mckinsey & company|experienced consultant - service operations|hamburg, hamburg, germany|https://www.linkedin.com/jobs/view/4301584169
accantec group - part of x1f|consultant microsoft business intelligence  (m/w/d)|hamburg, hamburg, germany|https://www.linkedin.com/jobs/view/4348077027
capgemini invent|(associate) consultant intelligent process & performance (w/m/d)|hamburg, hamburg, germany|https://www.linkedin.com/jobs/view/4421961240
merkur group|m365 inhouse consultant (m/w/d)|espelkamp, north rhine-westphalia, germany|https://www.linkedin.com/jobs/view/4435594951
mhp – a porsche company|senior consultant microsoft 365 (all genders)|wolfsburg, lower saxony, germany|https://www.linkedin.com/jobs/view/4371000800
deloitte|business analyst / consultant cloud integration (m/w/d) in hannover|hannover, lower saxony, germany|https://www.linkedin.com/jobs/view/4243064386
deloitte|trainee cloud & data - dein einstieg in artificial intelligence & data (m/w/d) in hannover|hannover, lower saxony, germany|https://www.linkedin.com/jobs/view/4412861504
deloitte|consultant business & ai insights (m/w/d) in hannover|hannover, lower saxony, germany|https://www.linkedin.com/jobs/view/4440567213
mittwald|business intelligence specialist (m/w/d)|espelkamp, north rhine-westphalia, germany|https://www.linkedin.com/jobs/view/4443693547
deloitte|business analyst / consultant (m/w/d) enterprise resource planning (erp) in hannover|hannover, lower saxony, germany|https://www.linkedin.com/jobs/view/4243057926
adesso se|consultant microsoft dynamics 365 business central (all genders)|hannover, lower saxony, germany|https://www.linkedin.com/jobs/view/3733046115
materialise|functional analyst — ms finance and operations|kyiv, kyiv city, ukraine|https://www.linkedin.com/jobs/view/4439985789
smart business|microsoft dynamics 365 business central consultant (payroll)|kyiv, ukraine|https://www.linkedin.com/jobs/view/4441579999
microsoft|senior software engineer|london, england, united kingdom|https://www.linkedin.com/jobs/view/4447074298
microsoft|senior sales specialist - windows & device sales - uk|united kingdom|https://www.linkedin.com/jobs/view/4446174862
microsoft|security solution architecture|united kingdom|https://www.linkedin.com/jobs/view/4446752744
opus recruitment solutions|business analyst ai|leeds, england, united kingdom|https://www.linkedin.com/jobs/view/4446072429
ao|business analyst - d365 erp|bolton, england, united kingdom|https://www.linkedin.com/jobs/view/4443174274
a.p. moller - maersk|wms implementor|derby, england, united kingdom|https://www.linkedin.com/jobs/view/4443947435
opus recruitment solutions|business analyst|leeds, england, united kingdom|https://www.linkedin.com/jobs/view/4446062660
dkr projects limited|technology solutions manager - microsoft 365, data & reporting, ai integration|united kingdom|https://www.linkedin.com/jobs/view/4444126370
mckinsey & company|consultant - service operations|munich, bavaria, germany|https://www.linkedin.com/jobs/view/4335333597
messe muenchen|it requirements engineer (m/w/d)|munich, bavaria, germany|https://www.linkedin.com/jobs/view/4375689602
mckinsey & company|capabilities & insights analyst - automotive & assembly|munich, bavaria, germany|https://www.linkedin.com/jobs/view/4413091933
mhp – a porsche company|senior consultant microsoft 365 (all genders)|munich, bavaria, germany|https://www.linkedin.com/jobs/view/4370996790
msd czech republic|product analyst, ai adoption & use-case development|prague, prague, worldwide|https://www.linkedin.com/jobs/view/4445250206
microsoft|security research analyst|prague, prague, worldwide|https://www.linkedin.com/jobs/view/4437782574
msd czech republic|ai customer success consultant|prague, prague, worldwide|https://www.linkedin.com/jobs/view/4441257699
microsoft|customer success account management|prague, prague, worldwide|https://www.linkedin.com/jobs/view/4446760566
microsoft|software engineering - devdiv core ai|prague, prague, worldwide|https://www.linkedin.com/jobs/view/4344495809
microsoft|senior software engineer|prague, prague, worldwide|https://www.linkedin.com/jobs/view/4442479416
microsoft|software engineer|prague, prague, worldwide|https://www.linkedin.com/jobs/view/4439069321
msd czech republic|senior product analyst – transparency reporting|prague, prague, worldwide|https://www.linkedin.com/jobs/view/4441260628
microsoft|hr generalist|prague, prague, worldwide|https://www.linkedin.com/jobs/view/4440814145
avanade|analytics solution architect (w/m/x) – austria|vienna, vienna, austria|https://www.linkedin.com/jobs/view/4335932650
mbank s.a.|analityk biznesowo-systemowy / analityczka biznesowo-systemowa|warsaw, mazowieckie, poland|https://www.linkedin.com/jobs/view/4446801032
novotel inle lake myat min|data & hris – employee central core hr — internship f/m/x|issy-les-moulineaux, île-de-france, france|https://www.linkedin.com/jobs/view/4439015213
cloudgo|tuyển dụng nhân viên phân tích nghiệp vụ (business analyst)|erp, north brabant, netherlands|https://www.linkedin.com/jobs/view/4445395051
boston entrepreneurship center|marketing assistant|oh, jobs, worldwide|https://www.linkedin.com/jobs/view/4447242991
hollylist|distribution & marketing assistant|santa monica, canada|https://www.linkedin.com/jobs/view/4446548339
